,open,high,low,close,sma5,sma10,sma30,sma60,macd,macd_signal,stoch_d,stoch_k,stoch_j,ts_create_utc,dt,ts_send_utc,ema30_5_span_grad,macd_5_span_grad,macd_signal_5_span_grad,initial_invest_amount_today,invest_amount,transaction_type,transaction_price,transaction_current_gain,profits,accumulate_gain_in_a_day,stop_trade_flg,macd_golden_cross,macd_dead_cross,continuous_macd_golden_cross_count,stoch_golden_cross,stoch_dead_cross,stoch_all_dead_cross,bought_price,sold_price,my_money,trade_count,is_long_position,long_position_period,purchase_price,stop_trading_this_minute,stop_trading_today,prev_gain,current_gain,total_profit_in_a_day,gain_is_negative_from_prev
0,59285.83,59326.46,59242.71,59263.83,,,,,,,,,,2024-08-13 08:16:59,2024-08-13,2024-08-13 08:17:01,,,,1000000.0,1000000.0,,-99.9,0.0,0.0,,,0,0,0,0,0,0,-99.9,-99.9,-99.9,0,False,0,-99.9,False,False,0.0,0.0,0.0,0
1,59264.99,59286.12,59256.23,59286.12,,,,,,,,,,2024-08-13 08:17:59,2024-08-13,2024-08-13 08:18:01,,,,1000000.0,1000000.0,,-99.9,0.0,0.0,,,0,0,0,0,0,0,-99.9,-99.9,-99.9,0,False,0,-99.9,False,False,0.0,0.0,0.0,0
2,59298.55,59309.41,59279.63,59298.4,,,,,,,,,,2024-08-13 08:18:59,2024-08-13,2024-08-13 08:19:00,,,,1000000.0,1000000.0,,-99.9,0.0,0.0,,,0,0,0,0,0,0,-99.9,-99.9,-99.9,0,False,0,-99.9,False,False,0.0,0.0,0.0,0
3,59285.45,59287.08,59231.51,59255.6,,,,,,,,,,2024-08-13 08:19:59,2024-08-13,2024-08-13 08:20:00,,,,1000000.0,1000000.0,,-99.9,0.0,0.0,,,0,0,0,0,0,0,-99.9,-99.9,-99.9,0,False,0,-99.9,False,False,0.0,0.0,0.0,0
4,59256.11,59256.11,59156.38,59208.87,59262.564,,,,,,,,,2024-08-13 08:20:59,2024-08-13,2024-08-13 08:21:01,,,,1000000.0,1000000.0,,-99.9,0.0,0.0,,,0,0,0,0,0,0,-99.9,-99.9,-99.9,0,False,0,-99.9,False,False,0.0,0.0,0.0,0
5,59208.9,59234.62,59074.86,59086.46,59227.090000000004,,,,,,,,,2024-08-13 08:21:59,2024-08-13,2024-08-13 08:22:00,,,,1000000.0,1000000.0,,-99.9,0.0,0.0,,,0,0,0,0,0,0,-99.9,-99.9,-99.9,0,False,0,-99.9,False,False,0.0,0.0,0.0,0
6,59089.63,59134.34,59082.76,59131.78,59196.221999999994,,,,,,,,,2024-08-13 08:22:59,2024-08-13,2024-08-13 08:23:01,,,,1000000.0,1000000.0,,-99.9,0.0,0.0,,,0,0,0,0,0,0,-99.9,-99.9,-99.9,0,False,0,-99.9,False,False,0.0,0.0,0.0,0
7,59132.35,59170.5,59105.81,59105.81,59157.704000000005,,,,,,,,,2024-08-13 08:23:59,2024-08-13,2024-08-13 08:24:00,,,,1000000.0,1000000.0,,-99.9,0.0,0.0,,,0,0,0,0,0,0,-99.9,-99.9,-99.9,0,False,0,-99.9,False,False,0.0,0.0,0.0,0
8,59105.81,59116.6,59103.19,59110.84,59128.752,,,,,,,,,2024-08-13 08:24:59,2024-08-13,2024-08-13 08:25:00,,,,1000000.0,1000000.0,,-99.9,0.0,0.0,,,0,0,0,0,0,0,-99.9,-99.9,-99.9,0,False,0,-99.9,False,False,0.0,0.0,0.0,0
9,59106.13,59123.8,59040.29,59070.84,59101.14599999999,59181.855,,,,,,,,2024-08-13 08:25:59,2024-08-13,2024-08-13 08:26:00,,,,1000000.0,1000000.0,,-99.9,0.0,0.0,,,0,0,0,0,0,0,-99.9,-99.9,-99.9,0,False,0,-99.9,False,False,0.0,0.0,0.0,0
10,59068.99,59106,59015.79,59017.93,59087.44,59157.265,,,,,,,,2024-08-13 08:26:59,2024-08-13,2024-08-13 08:27:00,,,,1000000.0,1000000.0,,-99.9,0.0,0.0,,,0,0,0,0,0,0,-99.9,-99.9,-99.9,0,False,0,-99.9,False,False,0.0,0.0,0.0,0
11,59012.45,59081.38,59012.45,59035.73,59068.229999999996,59132.226,,,,,,,,2024-08-13 08:27:59,2024-08-13,2024-08-13 08:28:01,,,,1000000.0,1000000.0,,-99.9,0.0,0.0,,,0,0,0,0,0,0,-99.9,-99.9,-99.9,0,False,0,-99.9,False,False,0.0,0.0,0.0,0
12,59048.52,59105.78,59006.31,59027.76,59052.619999999995,59105.162,,,,,,,,2024-08-13 08:28:59,2024-08-13,2024-08-13 08:29:01,,,,1000000.0,1000000.0,,-99.9,0.0,0.0,,,0,0,0,0,0,0,-99.9,-99.9,-99.9,0,False,0,-99.9,False,False,0.0,0.0,0.0,0
13,59038.29,59078.89,59021.09,59056.59,59041.77,59085.260999999984,,,,,,,,2024-08-13 08:29:59,2024-08-13,2024-08-13 08:30:00,,,,1000000.0,1000000.0,,-99.9,0.0,0.0,,,0,0,0,0,0,0,-99.9,-99.9,-99.9,0,False,0,-99.9,False,False,0.0,0.0,0.0,0
14,59040.26,59056.8,59011.27,59035.32,59034.666000000005,59067.905999999995,,,,,,,,2024-08-13 08:30:59,2024-08-13,2024-08-13 08:31:01,,,,1000000.0,1000000.0,,-99.9,0.0,0.0,,,0,0,0,0,0,0,-99.9,-99.9,-99.9,0,False,0,-99.9,False,False,0.0,0.0,0.0,0
15,59042.5,59067.51,59010.93,59019.62,59035.004,59061.221999999994,,,,,,9.889175622357664,,2024-08-13 08:31:59,2024-08-13,2024-08-13 08:32:00,,,,1000000.0,1000000.0,,-99.9,0.0,0.0,,,0,0,0,0,0,0,-99.9,-99.9,-99.9,0,False,0,-99.9,False,False,0.0,0.0,0.0,0
16,59019.51,59019.57,58931.96,58962.55,59020.368,59044.29900000001,,,,,,7.525459429306366,,2024-08-13 08:32:59,2024-08-13,2024-08-13 08:33:01,,,,1000000.0,1000000.0,,-99.9,0.0,0.0,,,0,0,0,0,0,0,-99.9,-99.9,-99.9,0,False,0,-99.9,False,False,0.0,0.0,0.0,0
17,58940.86,59011.98,58931.65,58943.54,59003.524,59028.072,,,,,7.657081680597568,5.556609990128677,1.3556666091908927,2024-08-13 08:33:59,2024-08-13,2024-08-13 08:34:00,,,,1000000.0,1000000.0,,-99.9,0.0,0.0,,,0,0,0,0,0,0,-99.9,-99.9,-99.9,0,False,0,-99.9,False,False,0.0,0.0,0.0,0
18,58941.27,59016.5,58941.27,58993.31,58990.867999999995,59016.318999999996,,,,,7.986288693726962,10.876796661745843,16.657812597783604,2024-08-13 08:34:59,2024-08-13,2024-08-13 08:35:00,,,,1000000.0,1000000.0,,-99.9,0.0,0.0,,,0,0,0,0,0,0,-99.9,-99.9,-99.9,0,False,0,-99.9,False,False,0.0,0.0,0.0,0
19,58990.47,59019.91,58949.51,59017.95,58987.39400000001,59011.02999999999,,,,,12.16089817389044,20.049287869796796,35.82606726160951,2024-08-13 08:35:59,2024-08-13,2024-08-13 08:36:01,,,,1000000.0,1000000.0,,-99.9,0.0,0.0,,,0,0,0,0,0,0,-99.9,-99.9,-99.9,0,False,0,-99.9,False,False,0.0,0.0,0.0,0
20,59012.31,59078.4,59012.31,59063.13,58996.096,59015.55,,,,,22.70096306278317,37.176804656806866,66.12848784485425,2024-08-13 08:36:59,2024-08-13,2024-08-13 08:37:00,,,,1000000.0,1000000.0,,-99.9,0.0,0.0,,,0,0,0,0,0,0,-99.9,-99.9,-99.9,0,False,0,-99.9,False,False,0.0,0.0,0.0,0
21,59066.26,59070.38,58998.27,59023,59008.186,59014.277,,,,,34.488647237626175,46.23984918627486,69.74225308357224,2024-08-13 08:37:59,2024-08-13,2024-08-13 08:38:00,,,,1000000.0,1000000.0,,-99.9,0.0,0.0,,,0,0,0,0,0,0,-99.9,-99.9,-99.9,0,False,0,-99.9,False,False,0.0,0.0,0.0,0
22,59023.19,59058.13,59023.02,59037.94,59027.06599999999,59015.295,,,,,45.350467230799524,52.634747849316845,67.20330908635148,2024-08-13 08:38:59,2024-08-13,2024-08-13 08:39:00,,,,1000000.0,1000000.0,,-99.9,0.0,0.0,,,0,0,0,0,0,0,-99.9,-99.9,-99.9,0,False,0,-99.9,False,False,0.0,0.0,0.0,0
23,59051.19,59124.89,59051.19,59089.18,59046.240000000005,59018.554000000004,,,,,53.44459145747795,61.459177336842146,77.48834909557054,2024-08-13 08:39:59,2024-08-13,2024-08-13 08:40:00,,,,1000000.0,1000000.0,,-99.9,0.0,0.0,,,0,0,0,0,0,0,-99.9,-99.9,-99.9,0,False,0,-99.9,False,False,0.0,0.0,0.0,0
24,59086.54,59160.2,59078.88,59113.82,59065.414000000004,59026.404,,,,,62.09168571993363,72.18113197364188,92.3600244810584,2024-08-13 08:40:59,2024-08-13,2024-08-13 08:41:00,,,,1000000.0,1000000.0,,-99.9,0.0,0.0,,,0,0,0,0,0,0,-99.9,-99.9,-99.9,0,False,0,-99.9,False,False,0.0,0.0,0.0,0
25,59114.74,59135.67,59085.07,59128.59,59078.50600000001,59037.30099999999,,,-22.455705460677564,,72.03527699736965,82.4655216816249,103.3260110501354,2024-08-13 08:41:59,2024-08-13,2024-08-13 08:42:00,,,,1000000.0,1000000.0,,-99.9,0.0,0.0,,,0,0,0,0,0,0,-99.9,-99.9,-99.9,0,False,0,-99.9,False,False,0.0,0.0,0.0,0
26,59130,59132.21,59068.96,59068.96,59087.698,59047.941999999995,,,-20.815949766307313,,76.65498824897725,75.31831109166497,72.64495677704042,2024-08-13 08:42:59,2024-08-13,2024-08-13 08:43:01,,,,1000000.0,1000000.0,,-99.9,0.0,0.0,,,0,0,0,0,0,0,-99.9,-99.9,-99.9,0,False,0,-99.9,False,False,0.0,0.0,0.0,0
27,59075.59,59097.92,59028.17,59080.25,59096.159999999996,59061.61299999999,,,-18.393395307568426,,76.06868661902634,70.42222708378917,59.12930801331484,2024-08-13 08:43:59,2024-08-13,2024-08-13 08:44:01,,,,1000000.0,1000000.0,,-99.9,0.0,0.0,,,0,0,0,0,0,0,-99.9,-99.9,-99.9,0,False,0,-99.9,False,False,0.0,0.0,0.0,0
28,59069.89,59077.07,59030.33,59051.46,59088.616,59067.428,,,-18.582409389106033,,68.30452854955166,59.173047473200846,40.910085320499206,2024-08-13 08:44:59,2024-08-13,2024-08-13 08:45:00,,,,1000000.0,1000000.0,,-99.9,0.0,0.0,,,0,0,0,0,0,0,-99.9,-99.9,-99.9,0,False,0,-99.9,False,False,0.0,0.0,0.0,0
29,59053.27,59084.4,59010.41,59084.4,59082.731999999996,59074.07300000001,59088.986,,-15.891039687870943,,63.67339993679993,61.42492525340979,56.92797588662951,2024-08-13 08:45:59,2024-08-13,2024-08-13 08:46:01,,,,1000000.0,1000000.0,,-99.9,0.0,0.0,,,0,0,0,0,0,0,-99.9,-99.9,-99.9,0,False,0,-99.9,False,False,0.0,0.0,0.0,0
30,59084.82,59097.64,59031.93,59034.73,59063.96,59071.23300000001,59081.349333333324,,-17.563601435467717,,58.46131408152908,54.7859695179766,47.43528039087164,2024-08-13 08:46:59,2024-08-13,2024-08-13 08:47:00,,0.9784208050419693,,1000000.0,1000000.0,,-99.9,0.0,0.0,,,0,0,0,0,0,0,-99.9,-99.9,-99.9,0,False,0,-99.9,False,False,0.0,0.0,0.0,0
31,59033.17,59041.09,58999.93,59033.87,59056.942,59072.32000000001,59072.94099999999,,-18.74246204757219,,55.87393642412985,51.41091450100317,42.48487065474981,2024-08-13 08:47:59,2024-08-13,2024-08-13 08:48:00,,0.4146975437470246,,1000000.0,1000000.0,,-99.9,0.0,0.0,,,0,0,0,0,0,0,-99.9,-99.9,-99.9,0,False,0,-99.9,False,False,0.0,0.0,0.0,0
32,59033.11,59044.2,59001.05,59031.47,59047.186,59071.672999999995,59064.04333333333,,-19.643934469619126,,49.43219549989633,42.099702480709226,27.434716442335016,2024-08-13 08:48:59,2024-08-13,2024-08-13 08:49:01,,-0.25010783241013995,,1000000.0,1000000.0,,-99.9,0.0,0.0,,,0,0,0,0,0,0,-99.9,-99.9,-99.9,0,False,0,-99.9,False,False,0.0,0.0,0.0,0
33,59044.72,59075.71,59006.24,59031.9,59043.274,59065.94500000001,59056.586666666655,,-20.092051786385127,-19.131172150063826,42.49971814304653,33.988537447427206,16.96617605618856,2024-08-13 08:49:59,2024-08-13,2024-08-13 08:50:01,,-0.3019284794558189,,1000000.0,1000000.0,,-99.9,0.0,0.0,,,0,0,0,0,0,0,-99.9,-99.9,-99.9,0,False,0,-99.9,False,False,0.0,0.0,0.0,0
34,59038.71,59044.8,58949.62,58961.43,59018.68000000001,59050.706000000006,59048.33866666666,,-25.8357100626381,-20.47207973257868,32.61578083480796,21.759102576287447,0.04574605924642583,2024-08-13 08:50:59,2024-08-13,2024-08-13 08:51:01,-8.129466666666849,-1.9889340749534312,,1000000.0,1000000.0,,-99.9,0.0,0.0,,,0,0,0,0,0,0,-99.9,-99.9,-99.9,0,False,0,-99.9,False,False,0.0,0.0,0.0,0
35,58971,58975.38,58924.66,58924.66,58996.66599999999,59030.31300000001,59042.94533333333,,-32.974522557560704,-22.972568297575087,21.51327479297294,8.792184355204176,-16.649996520333353,2024-08-13 08:51:59,2024-08-13,2024-08-13 08:52:00,-7.680799999998999,-3.0821842244185973,,1000000.0,1000000.0,,-99.9,0.0,0.0,,,0,0,0,0,0,0,-99.9,-99.9,-99.9,0,False,0,-99.9,False,False,0.0,0.0,0.0,0
36,58924.45,58954.35,58924.45,58941.47,58978.186,59017.564,59036.60166666666,,-36.850862574297935,-25.748227152919657,11.60907698533651,4.275944024517908,-10.390321897119296,2024-08-13 08:52:59,2024-08-13,2024-08-13 08:53:00,-7.267866666665941,-3.621680105345149,,1000000.0,1000000.0,,-99.9,0.0,0.0,,,0,0,0,0,0,0,-99.9,-99.9,-99.9,0,False,0,-99.9,False,False,0.0,0.0,0.0,0
37,58932.78,59007.84,58932.78,58955.02,58962.89599999999,59005.041000000005,59031.57533333333,,-38.387016575165035,-28.275985037368734,6.59900261414343,6.728879462708206,6.988633159837757,2024-08-13 08:53:59,2024-08-13,2024-08-13 08:54:01,-6.493600000000152,-3.748616421109182,,1000000.0,1000000.0,,-99.9,0.0,0.0,,,0,0,0,0,0,0,-99.9,-99.9,-99.9,0,False,0,-99.9,False,False,0.0,0.0,0.0,0
38,58955.87,59010.87,58955.87,58976.75,58951.865999999995,58997.56999999999,59027.105666666655,,-37.41964986274252,-30.10471800244349,8.662446849128157,14.982517060158356,27.622657482218752,2024-08-13 08:54:59,2024-08-13,2024-08-13 08:55:00,-5.896199999999953,-3.465519615271478,-2.194709170475933,1000000.0,1000000.0,,-99.9,0.0,0.0,,,0,0,0,0,0,0,-99.9,-99.9,-99.9,0,False,0,-99.9,False,False,0.0,0.0,0.0,0
39,58990.71,59018.29,58990.71,59001.79,58959.938,58989.30900000001,59024.80399999999,,-34.23781383605092,-30.931337169164976,15.565319280991517,24.984561320107986,43.82304539834092,2024-08-13 08:55:59,2024-08-13,2024-08-13 08:56:25,-4.706933333334746,-1.6804207546825638,-2.091851487317259,1000000.0,1000000.0,,-99.9,0.0,0.0,,,0,0,0,0,0,0,-99.9,-99.9,-99.9,0,False,0,-99.9,False,False,0.0,0.0,0.0,0
40,59018.29,59018.29,59000.51,59000.51,58975.10799999999,58985.887,59024.22333333332,,-31.456856107601197,-31.03644095685222,25.08155456644593,35.27758531907144,55.669646824322456,2024-08-13 08:56:59,2024-08-13,2024-08-13 08:57:11,-3.7444000000017694,0.30353328999190127,-1.6127745318554267,1000000.0,1000000.0,,-99.9,0.0,0.0,,,0,0,0,0,0,0,-99.9,-99.9,-99.9,0,False,0,-99.9,False,False,0.0,0.0,0.0,0
41,59018.29,59018.29,59004.1,59011.59,58989.132000000005,58983.659,59023.41866666666,,-28.035685737937456,-30.436289913069267,34.68588515313372,43.79550882022172,62.014756154397716,2024-08-13 08:57:59,2024-08-13,2024-08-13 08:58:00,-2.636600000000908,1.7630353672720958,-0.9376125520299219,1000000.0,1000000.0,,-99.9,0.0,0.0,,,0,0,0,0,0,0,-99.9,-99.9,-99.9,0,False,0,-99.9,False,False,0.0,0.0,0.0,0
42,59011.69,59092.69,59008.2,59070.27,59012.18200000001,58987.539000000004,59024.83566666666,,-20.35476096696948,-28.41998412384931,46.175190116480564,59.45247621014854,86.00704839748448,2024-08-13 08:58:59,2024-08-13,2024-08-13 08:59:07,-1.3479333333336398,3.606451121639111,-0.028799817296115294,1000000.0,1000000.0,,-99.9,0.0,0.0,,,0,0,0,0,0,0,-99.9,-99.9,-99.9,0,False,0,-99.9,False,False,0.0,0.0,0.0,0
43,59083.57,59118.32,59073.84,59102.91,59037.414000000004,58994.64,59026.37966666665,,-11.501218642515596,-25.036231027582566,59.58961779601699,75.52086835768068,107.38336948100807,2024-08-13 08:59:59,2024-08-13,2024-08-13 09:00:04,-0.1452000000004773,5.183686244045385,1.0136973949721848,1000000.0,1000000.0,,-99.9,0.0,0.0,,,0,0,0,0,0,0,-99.9,-99.9,-99.9,0,False,0,-99.9,False,False,0.0,0.0,0.0,0
44,59068.91,59085.29,59015.63,59074.32,59051.92,59005.929000000004,59027.67966666666,,-6.714298375292856,-21.371844497124624,73.16359274487995,84.51743366681063,107.225115510672,2024-08-13 09:00:59,2024-08-13,2024-08-13 09:01:00,0.5751333333348156,5.504703092151613,1.9118985344080706,1000000.0,1000000.0,,-99.9,0.0,0.0,,,0,0,0,0,0,0,-99.9,-99.9,-99.9,0,False,0,-99.9,False,False,0.0,0.0,0.0,0
45,59053.26,59067.69,59004.3,59009.12,59053.64200000001,59014.375,59027.329666666665,,-8.088485648833739,-18.715172727466445,77.01602840417995,71.00978318804853,58.99729275578571,2024-08-13 09:01:59,2024-08-13,2024-08-13 09:02:00,0.6212666666688165,4.673674091753492,2.464253645877155,1000000.0,1000000.0,,-99.9,0.0,0.0,,,0,0,0,0,0,0,-99.9,-99.9,-99.9,0,False,0,-99.9,False,False,0.0,0.0,0.0,0
46,59021.13,59054.95,59010.46,59018.1,59054.943999999996,59022.038000000015,59029.18133333334,,-8.356598348625994,-16.643457851698354,70.6516878979357,56.42784683894795,27.980164720972454,2024-08-13 09:02:59,2024-08-13,2024-08-13 09:03:00,1.1525333333367598,3.9358174778622925,2.7585664122741824,1000000.0,1000000.0,,-99.9,0.0,0.0,,,0,0,0,0,0,0,-99.9,-99.9,-99.9,0,False,0,-99.9,False,False,0.0,0.0,0.0,0
47,59021.44,59030.15,58977.45,58992.04,59039.297999999995,59025.74000000001,59030.798,,-10.550286665005842,-15.424823614359852,56.57284663835569,42.2809098880706,13.697036387500432,2024-08-13 09:03:59,2024-08-13,2024-08-13 09:04:00,1.19246666666877,1.9608948603927274,2.5990321018978917,1000000.0,1000000.0,,-99.9,0.0,0.0,,,0,0,0,0,0,0,-99.9,-99.9,-99.9,0,False,0,-99.9,False,False,0.0,0.0,0.0,0
48,58993.59,58995.71,58922.46,58953.71,59009.458000000006,59023.436,59029.47800000002,,-15.206420967981103,-15.381143085084101,43.91674203469247,33.04146937705883,11.290924061791557,2024-08-13 09:04:59,2024-08-13,2024-08-13 09:05:01,0.6196666666728561,-0.7410404650931014,1.931017588499693,1000000.0,1000000.0,,-99.9,0.0,0.0,,,0,0,0,0,0,0,-99.9,-99.9,-99.9,0,False,0,-99.9,False,False,0.0,0.0,0.0,0
49,58943.81,58980.48,58932.73,58969.05,58988.404,59020.162,59027.84800000001,,-17.457393188626156,-15.796393105792513,33.397042167116425,24.868747236219843,7.8121573744266755,2024-08-13 09:05:59,2024-08-13,2024-08-13 09:06:03,0.03366666666988749,-2.14861896266666,1.1150902782664223,1000000.0,1000000.0,,-99.9,0.0,0.0,,,0,0,0,0,0,0,-99.9,-99.9,-99.9,0,False,0,-99.9,False,False,0.0,0.0,0.0,0
50,58974.95,59015.08,58938.32,58973.72,58981.324,59017.48299999999,59024.86766666668,,-18.649495148521964,-16.367013514338403,26.627230945931235,21.971476224515033,12.659966781682634,2024-08-13 09:06:59,2024-08-13,2024-08-13 09:07:01,-0.49239999999699646,-2.112201899937645,0.4696318426256084,1000000.0,1000000.0,,-99.9,0.0,0.0,,,0,0,0,0,0,0,-99.9,-99.9,-99.9,0,False,0,-99.9,False,False,0.0,0.0,0.0,0
51,58963.37,58971.34,58922.75,58927.11,58963.126000000004,59009.034999999996,59021.671333333354,,-23.08912494446122,-17.711435800362967,21.428218853069254,17.444433098472885,9.476861589280148,2024-08-13 09:07:59,2024-08-13,2024-08-13 09:08:00,-1.5019999999974971,-2.946505319167045,-0.21359558973292253,1000000.0,1000000.0,,-99.9,0.0,0.0,,,0,0,0,0,0,0,-99.9,-99.9,-99.9,0,False,0,-99.9,False,False,0.0,0.0,0.0,0
52,58928.25,58930.66,58889.82,58915.14,58947.74600000001,58993.522,59017.57800000001,,-27.25921524106525,-19.620991688503423,17.541621211398716,13.20895431120824,4.543620510827289,2024-08-13 09:08:59,2024-08-13,2024-08-13 09:09:00,-2.6439999999987776,-3.3417857152118815,-0.8392336148287143,1000000.0,1000000.0,,-99.9,0.0,0.0,,,0,0,0,0,0,0,-99.9,-99.9,-99.9,0,False,0,-99.9,False,False,0.0,0.0,0.0,0
53,58922.31,58985.55,58915.5,58933.93,58943.79,58976.62400000001,59012.40300000001,,-28.71681629691011,-21.44015661018476,13.857714152939758,10.919755049138155,5.043836841534951,2024-08-13 09:09:59,2024-08-13,2024-08-13 09:10:00,-3.415000000000873,-2.7020790657858016,-1.211802705020132,1000000.0,1000000.0,,-99.9,0.0,0.0,,,0,0,0,0,0,0,-99.9,-99.9,-99.9,0,False,0,-99.9,False,False,0.0,0.0,0.0,0
54,58933.81,58945.99,58897.3,58922.38,58934.45599999999,58961.43000000001,59006.021666666675,,-30.45292178172531,-23.24270964449287,13.002300153910648,14.878191101385553,18.629972996335365,2024-08-13 09:10:59,2024-08-13,2024-08-13 09:11:01,-4.365266666667594,-2.5991057186198305,-1.4892633077400714,1000000.0,1000000.0,,-99.9,0.0,0.0,,,0,0,0,0,0,0,-99.9,-99.9,-99.9,0,False,0,-99.9,False,False,0.0,0.0,0.0,0
55,58915.06,58957.49,58912.62,58928.67,58925.445999999996,58953.384999999995,58999.35766666667,,-30.964310161201865,-24.78702974783467,14.216626348739936,16.851932895696105,22.12254598960844,2024-08-13 09:11:59,2024-08-13,2024-08-13 09:12:04,-5.102000000001863,-2.46296300253598,-1.6840032466992532,1000000.0,1000000.0,,-99.9,0.0,0.0,,,0,0,0,0,0,0,-99.9,-99.9,-99.9,0,False,0,-99.9,False,False,0.0,0.0,0.0,0
56,58926.4,58943.34,58896.61,58941.25,58928.274,58945.7,58995.100666666665,,-30.008568177472625,-25.83133743376226,16.54996353026945,17.919766593726695,20.659372720641187,2024-08-13 09:12:59,2024-08-13,2024-08-13 09:13:00,-5.314133333337668,-1.3838886466022813,-1.623980326679859,1000000.0,1000000.0,,-99.9,0.0,0.0,,,0,0,0,0,0,0,-99.9,-99.9,-99.9,0,False,0,-99.9,False,False,0.0,0.0,0.0,0
57,58938.04,59005.28,58938.04,58980.32,58941.31,58944.52799999999,58991.76966666667,,-25.801094336347887,-25.825288814279386,21.12484556134903,28.60283719462429,43.55882046117481,2024-08-13 09:13:59,2024-08-13,2024-08-13 09:14:01,-5.1616666666683155,0.2916241809434723,-1.2408594251551925,1000000.0,1000000.0,,-99.9,0.0,0.0,,,0,0,0,0,0,0,-99.9,-99.9,-99.9,0,False,0,-99.9,False,False,0.0,0.0,0.0,0
58,58980.34,58998.68,58941.48,58984.02,58951.328,58947.558999999994,58989.52166666666,,-21.915454211972246,-25.043321893817957,29.03712908345751,40.588783462021546,63.69209221914961,2024-08-13 09:14:59,2024-08-13,2024-08-13 09:15:02,-4.576266666670563,1.3602724169875728,-0.7206330567266391,1000000.0,1000000.0,,-99.9,0.0,0.0,,,0,0,0,0,0,0,-99.9,-99.9,-99.9,0,False,0,-99.9,False,False,0.0,0.0,0.0,0
59,59009.58,59009.58,58948.63,58982.55,58963.362,58948.909,58986.12666666666,59037.55633333333,-18.738665462544304,-23.782390607563226,40.33214553151702,51.80481593790523,74.75015675068165,2024-08-13 09:15:59,2024-08-13,2024-08-13 09:16:00,-3.9790000000022703,2.342851263836201,-0.10793619261407131,1000000.0,1000000.0,,-99.9,0.0,0.0,,,0,0,0,0,0,0,-99.9,-99.9,-99.9,0,False,0,-99.9,False,False,0.0,0.0,0.0,0
60,58997.45,58998.48,58931.05,58976.22,58972.871999999996,58949.159,58984.17633333333,59032.76283333333,-16.541139627945086,-22.3341404116396,49.76285996323003,56.8949804897633,71.15922154282984,2024-08-13 09:16:59,2024-08-13,2024-08-13 09:17:01,-3.0362666666682343,2.884634106651356,0.49057786723901414,1000000.0,1000000.0,,-99.9,0.0,0.0,,,0,0,0,0,0,0,-99.9,-99.9,-99.9,0,False,0,-99.9,False,False,0.0,0.0,0.0,0
61,58942.04,58964.85,58888.1,58891.44,58962.91000000001,58945.59199999999,58979.42866666665,59026.18483333332,-21.39400526035024,-22.146113381381728,49.60607102802257,40.11841665639917,21.143107913152363,2024-08-13 09:17:59,2024-08-13,2024-08-13 09:18:00,-3.1344000000026426,1.722912583424477,0.7370448104761067,1000000.0,1000000.0,,-99.9,0.0,0.0,,,0,0,0,0,0,0,-99.9,-99.9,-99.9,0,False,0,-99.9,False,False,0.0,0.0,0.0,0
62,58892.84,58892.84,58826.83,58834.12,58933.670000000006,58937.490000000005,58972.850333333336,59018.44683333332,-29.524837248580297,-23.621858154821442,39.901355032985286,22.69066795279338,-11.73070620759043,2024-08-13 09:18:59,2024-08-13,2024-08-13 09:19:01,-3.7838666666662903,-0.744748582446482,0.4406861318915887,1000000.0,1000000.0,,-99.9,0.0,0.0,,,0,0,0,0,0,0,-99.9,-99.9,-99.9,0,False,0,-99.9,False,False,0.0,0.0,0.0,0
63,58870.82,58879.68,58825.68,58859.9,58908.846000000005,58930.087000000014,58967.11699999999,59011.85183333331,-33.5021576125946,-25.597918046376073,23.66640901233615,8.190142427815905,-22.762390741224586,2024-08-13 09:19:59,2024-08-13,2024-08-13 09:20:00,-4.480933333333814,-2.317340680124471,-0.11091923051162311,1000000.0,1000000.0,,-99.9,0.0,0.0,,,0,0,0,0,0,0,-99.9,-99.9,-99.9,0,False,0,-99.9,False,False,0.0,0.0,0.0,0
64,58857.17,58924.99,58843.82,58924.99,58897.333999999995,58930.348,58965.902333333324,59007.1205,-31.04413615861995,-26.68716166882485,18.731633114947563,25.314088964233406,38.47900066280509,2024-08-13 09:20:59,2024-08-13,2024-08-13 09:21:02,-4.0448666666678035,-2.461094139215129,-0.5809542122523247,1000000.0,1000000.0,,-99.9,0.0,0.0,,,0,0,0,0,0,0,-99.9,-99.9,-99.9,0,False,0,-99.9,False,False,0.0,0.0,0.0,0
65,58908.02,58914.89,58861.6,58902.59,58882.60799999999,58927.740000000005,58965.166666666664,59004.056,-30.551451131614158,-27.460019561382712,23.822677033948008,37.963799709794706,66.2460450614881,2024-08-13 09:21:59,2024-08-13,2024-08-13 09:22:00,-3.8019333333329994,-2.8020623007338146,-1.0251758299486227,1000000.0,1000000.0,,-99.9,0.0,0.0,,,0,0,0,0,0,0,-99.9,-99.9,-99.9,0,False,0,-99.9,False,False,0.0,0.0,0.0,0
66,58899.87,58906.08,58863.54,58904.08,58885.136,58924.023,58963.92033333334,59000.261000000006,-29.6984192599557,-27.90769950109731,36.47659427313192,46.151894145367656,65.50249388983912,2024-08-13 09:22:59,2024-08-13,2024-08-13 09:23:02,-3.101666666661913,-1.6608827999210916,-1.152317223943116,1000000.0,1000000.0,,-99.9,0.0,0.0,,,0,0,0,0,0,0,-99.9,-99.9,-99.9,0,False,0,-99.9,False,False,0.0,0.0,0.0,0
67,58904.08,58904.08,58771.16,58814.51,58881.214,58907.442,58959.23666666668,58995.405999999995,-35.836831106833415,-29.49352582224453,39.44253204292669,34.211902273617724,23.750642734999786,2024-08-13 09:23:59,2024-08-13,2024-08-13 09:24:00,-2.7227333333314165,-1.2623987716506235,-1.1743335334846172,1000000.0,1000000.0,,-99.9,0.0,0.0,,,0,0,0,0,0,0,-99.9,-99.9,-99.9,0,False,0,-99.9,False,False,0.0,0.0,0.0,0
68,58814.62,58846.66,58717.05,58734.04,58856.041999999994,58882.444,58951.146333333345,58989.126,-46.656990461429814,-32.92621875008159,34.19037835579966,22.207338648413593,-1.7587407663585424,2024-08-13 09:24:59,2024-08-13,2024-08-13 09:25:00,-3.1941333333292277,-2.6309665697670424,-1.4656601407411032,1000000.0,1000000.0,,-99.9,0.0,0.0,,,0,0,0,0,0,0,-99.9,-99.9,-99.9,0,False,0,-99.9,False,False,0.0,0.0,0.0,0
69,58743.39,58833.18,58743.39,58823.59,58835.762,58866.547999999995,58945.20633333335,58985.00516666666,-47.45902995052165,-35.8327809901696,25.518674420713708,20.136782340109804,9.372998178901994,2024-08-13 09:25:59,2024-08-13,2024-08-13 09:26:00,-4.139199999994889,-3.2829787583803407,-1.8291238642689507,1000000.0,1000000.0,,-99.9,0.0,0.0,,,0,0,0,0,0,0,-99.9,-99.9,-99.9,0,False,0,-99.9,False,False,0.0,0.0,0.0,0
70,58802.59,58815.41,58781.57,58808.94,58817.03200000001,58849.81999999999,58938.820666666674,58981.52199999999,-48.71522579011071,-38.40926995015782,22.296963706786936,24.546770131837402,29.04638298193833,2024-08-13 09:26:59,2024-08-13,2024-08-13 09:27:00,-5.269199999998091,-3.63275493169931,-2.189850077755022,1000000.0,1000000.0,,-99.9,0.0,0.0,,,0,0,0,0,0,0,-99.9,-99.9,-99.9,0,False,0,-99.9,False,False,0.0,0.0,0.0,0
71,58814.95,58902.92,58785.17,58883.67,58812.95,58849.043000000005,58934.55666666667,58978.98766666665,-43.182898020102584,-39.36399556414678,28.760141909036918,41.59687325516355,67.27033594741681,2024-08-13 09:27:59,2024-08-13,2024-08-13 09:28:01,-5.872733333334327,-2.696895752029377,-2.2912592126098934,1000000.0,1000000.0,,-99.9,0.0,0.0,,,0,0,0,0,0,0,-99.9,-99.9,-99.9,0,False,0,-99.9,False,False,0.0,0.0,0.0,0
72,58902.06,58967.85,58862.28,58967.83,58843.614,58862.41399999999,58931.14200000001,58977.98883333333,-31.642722154479998,-37.819740882213424,41.39214591475812,58.032794357273396,91.31409124230396,2024-08-13 09:28:59,2024-08-13,2024-08-13 09:29:01,-5.61893333333428,0.8388217904706835,-1.665243011993779,1000000.0,1000000.0,,-99.9,0.0,0.0,,,0,0,0,0,0,0,-99.9,-99.9,-99.9,0,False,0,-99.9,False,False,0.0,0.0,0.0,0
73,58965.79,59004.15,58893.29,58978.85,58892.576,58874.30899999999,58927.00666666668,58976.693166666664,-21.36158468535723,-34.52810964284218,59.1958847241822,77.95798656010966,115.4821902319646,2024-08-13 09:29:59,2024-08-13,2024-08-13 09:30:01,-4.827933333332476,5.059081155214517,-0.3203781785521187,1000000.0,1000000.0,,-99.9,0.0,0.0,,,0,0,0,0,0,0,-99.9,-99.9,-99.9,0,False,0,-99.9,False,False,0.0,0.0,0.0,0
74,58973.85,59019.25,58936.63,59019.25,58931.708000000006,58883.735,58925.17100000001,58976.42533333333,-9.840333566411573,-29.59055442755606,76.09867130458537,92.30523299637305,124.71835637994843,2024-08-13 09:30:59,2024-08-13,2024-08-13 09:31:01,-4.0070666666681065,7.523739276822016,1.2484453125227084,1000000.0,1000000.0,,-99.9,0.0,0.0,,,0,0,0,0,0,0,-99.9,-99.9,-99.9,0,False,0,-99.9,False,False,0.0,0.0,0.0,0
75,59006.9,59065.83,59006.9,59050.09,58979.938,58898.485,58926.536666666674,58976.93316666666,1.7585991742598708,-23.320723707192876,88.60716940982987,95.55828867300691,109.460527199361,2024-08-13 09:31:59,2024-08-13,2024-08-13 09:32:01,-2.45679999999993,10.094764992874115,3.017709248592989,1000000.0,1000000.0,,-99.9,0.0,0.0,,,0,0,0,0,0,0,-99.9,-99.9,-99.9,0,False,0,-99.9,False,False,0.0,0.0,0.0,0
76,59052.81,59072.85,58943.39,59013.97,59005.998,58909.474,58926.39900000001,58977.790166666666,7.944673553145549,-17.06764425512519,93.61434097130562,92.9795012445369,91.70982179099948,2024-08-13 09:32:59,2024-08-13,2024-08-13 09:33:00,-1.6315333333317539,10.225514314649626,4.459270261804317,1000000.0,1000000.0,,-99.9,0.0,0.0,,,0,0,0,0,0,0,-99.9,-99.9,-99.9,0,False,0,-99.9,False,False,0.0,0.0,0.0,0
77,59015.87,59019.14,58893.96,58943.05,59001.042,58922.328,58924.76600000002,58977.78199999999,7.043339535994164,-12.24544749690132,89.78563381000725,80.81911151247796,62.886066917419384,2024-08-13 09:33:59,2024-08-13,2024-08-13 09:34:01,-1.275199999997858,7.7372123380948326,5.11485867706242,1000000.0,1000000.0,,-99.9,0.0,0.0,,,0,0,0,0,0,0,-99.9,-99.9,-99.9,0,False,0,-99.9,False,False,0.0,0.0,0.0,0
78,58923.12,58930.36,58835.0,58861.11,58977.49399999999,58935.034999999996,58921.67933333335,58975.57866666666,-0.27962403340643505,-9.852282804202343,78.76167611543254,62.48641558928275,29.93589453698317,2024-08-13 09:34:59,2024-08-13,2024-08-13 09:35:00,-1.0654666666669073,4.216392130390159,4.935165367727968,1000000.0,1000000.0,,-99.9,0.0,0.0,,,0,0,0,0,0,0,-99.9,-99.9,-99.9,0,False,0,-99.9,False,False,0.0,0.0,0.0,0
79,58853.53,58932.09,58853.53,58920.17,58957.67799999999,58944.69300000001,58920.05000000001,58973.94899999999,-1.302463023297605,-8.142318848021395,65.66807808020091,53.69870713884205,29.75996525612433,2024-08-13 09:35:59,2024-08-13,2024-08-13 09:36:01,-1.024199999999837,1.7075741086227936,4.289647115906933,1000000.0,1000000.0,,-99.9,0.0,0.0,,,0,0,0,0,0,0,-99.9,-99.9,-99.9,0,False,0,-99.9,False,False,0.0,0.0,0.0,0
80,58919.94,58919.94,58832.62,58879.17,58923.49399999999,58951.716,58916.89833333334,58970.882999999994,-5.3596449894685065,-7.5857840763108175,54.63306476797198,47.71407157579114,33.87608519142945,2024-08-13 09:36:59,2024-08-13,2024-08-13 09:37:01,-1.92766666666721,-1.4236488327456756,3.1469879261764118,1000000.0,1000000.0,,-99.9,0.0,0.0,,,0,0,0,0,0,0,-99.9,-99.9,-99.9,0,False,0,-99.9,False,False,0.0,0.0,0.0,0
81,58868.1,58882.15,58812.55,58843.45,58889.39,58947.693999999996,58914.10966666667,58967.890499999994,-11.326728923202609,-8.333973045689175,49.157454250202534,46.05958403597441,39.86384360751816,2024-08-13 09:37:59,2024-08-13,2024-08-13 09:38:00,-2.457866666668269,-3.8542804952696317,1.7467342418872032,1000000.0,1000000.0,,-99.9,0.0,0.0,,,0,0,0,0,0,0,-99.9,-99.9,-99.9,0,False,0,-99.9,False,False,0.0,0.0,0.0,0
82,58840.75,58844.6,58769.86,58829.15,58866.61000000001,58933.826,58911.24333333333,58964.41066666666,-17.013455892105412,-10.069869614972422,43.16021569172227,35.70699146340127,20.800543006759284,2024-08-13 09:38:59,2024-08-13,2024-08-13 09:39:00,-2.7045333333371673,-4.811359085619915,0.4351155763857797,1000000.0,1000000.0,,-99.9,0.0,0.0,,,0,0,0,0,0,0,-99.9,-99.9,-99.9,0,False,0,-99.9,False,False,0.0,0.0,0.0,0
83,58835.31,58843.75,58804.4,58839.22,58862.231999999996,58919.86299999999,58908.08633333333,58960.24466666667,-20.47167837894085,-12.150231367766107,36.63862459877718,28.149298296955862,11.170645693313233,2024-08-13 09:39:59,2024-08-13,2024-08-13 09:40:01,-2.718600000003062,-4.038410869106883,-0.4595897127127529,1000000.0,1000000.0,,-99.9,0.0,0.0,,,0,0,0,0,0,0,-99.9,-99.9,-99.9,0,False,0,-99.9,False,False,0.0,0.0,0.0,0
84,58846.9,58888.12,58824.82,58888.12,58855.822,58906.75,58906.94433333333,58956.483,-19.046961770283815,-13.529577448269649,31.058019903041636,29.317769948767772,25.83727004022004,2024-08-13 09:40:59,2024-08-13,2024-08-13 09:41:00,-2.621133333335456,-3.548899749397242,-1.0774517200496507,1000000.0,1000000.0,,-99.9,0.0,0.0,,,0,0,0,0,0,0,-99.9,-99.9,-99.9,0,False,0,-99.9,False,False,0.0,0.0,0.0,0
85,58889.8,58953.46,58856.41,58915.07,58863.002,58893.248,58906.49100000001,58952.924333333336,-15.56381386583962,-13.936424731783642,31.361079398775832,36.61616995060387,47.126351054259935,2024-08-13 09:41:59,2024-08-13,2024-08-13 09:42:01,-2.0814666666658015,-2.0408337752742227,-1.270128131094565,1000000.0,1000000.0,,-99.9,0.0,0.0,,,0,0,0,0,0,0,-99.9,-99.9,-99.9,0,False,0,-99.9,False,False,0.0,0.0,0.0,0
86,58921.01,58964.17,58896.02,58908.08,58875.928,58882.659,58905.385333333346,58950.242999999995,-13.215093269864155,-13.792158439399746,36.70857246859351,44.191777506408904,59.1581875820397,2024-08-13 09:42:59,2024-08-13,2024-08-13 09:43:05,-1.7448666666648933,-0.37767286933230937,-1.0916370787421141,1000000.0,1000000.0,,-99.9,0.0,0.0,,,0,0,0,0,0,0,-99.9,-99.9,-99.9,0,False,0,-99.9,False,False,0.0,0.0,0.0,0
87,58904.63,58904.63,58860.79,58871.26,58884.35,58875.48,58901.75,58946.75983333333,-14.161536184474244,-13.866033988414646,41.048292756270406,42.336930811798446,44.91420692285452,2024-08-13 09:43:59,2024-08-13,2024-08-13 09:44:01,-1.898666666666395,0.5703839415262337,-0.7592328746884448,1000000.0,1000000.0,,-99.9,0.0,0.0,,,0,0,0,0,0,0,-99.9,-99.9,-99.9,0,False,0,-99.9,False,False,0.0,0.0,0.0,0
88,58878.24,58878.24,58787.08,58793.56,58875.21800000001,58868.725,58895.401333333335,58942.46149999999,-20.939956859067024,-15.280818562545122,38.49925373408036,28.96905288403374,9.908651183940492,2024-08-13 09:44:59,2024-08-13,2024-08-13 09:45:01,-2.5369999999995345,-0.09365569602523464,-0.6261174389558029,1000000.0,1000000.0,,-99.9,0.0,0.0,,,0,0,0,0,0,0,-99.9,-99.9,-99.9,0,False,0,-99.9,False,False,0.0,0.0,0.0,0
89,58795.61,58830.56,58794.48,58815.66,58860.726,58858.27400000001,58889.83833333333,58937.98249999999,-24.249090357850946,-17.074472921606286,30.035828098470734,18.801500599580027,-3.667154398201383,2024-08-13 09:45:59,2024-08-13,2024-08-13 09:46:02,-3.4211999999999536,-1.0404257175134262,-0.7089790946673276,1000000.0,1000000.0,,-99.9,0.0,0.0,,,0,0,0,0,0,0,-99.9,-99.9,-99.9,0,False,0,-99.9,False,False,0.0,0.0,0.0,0
90,58819.41,58856.81,58810.25,58851.89,58848.090000000004,58855.54600000001,58885.693999999996,58934.935166666655,-23.67523095823708,-18.394624528932447,22.128498079279765,18.614940754225525,11.587826104117042,2024-08-13 09:46:59,2024-08-13,2024-08-13 09:47:01,-4.159400000002643,-1.6222834184794919,-0.8916399594297608,1000000.0,1000000.0,,-99.9,0.0,0.0,,,0,0,0,0,0,0,-99.9,-99.9,-99.9,0,False,0,-99.9,False,False,0.0,0.0,0.0,0
91,58847.25,58874.17,58829.45,58853.35,58837.14399999999,58856.536,58884.424333333336,58931.926499999994,-22.83935557724908,-19.283570738595774,22.582169909164207,30.33006837368707,45.825865302732794,2024-08-13 09:47:59,2024-08-13,2024-08-13 09:48:01,-4.192200000002049,-1.9248524614769849,-1.0982824598392056,1000000.0,1000000.0,,-99.9,0.0,0.0,,,0,0,0,0,0,0,-99.9,-99.9,-99.9,0,False,0,-99.9,False,False,0.0,0.0,0.0,0
92,58840.4,58858.77,58797.53,58818.21,58826.534,58855.441999999995,58883.89399999999,58928.37216666667,-24.727380784999696,-20.37233274787656,27.510237902477133,33.58570457951881,45.73663793360216,2024-08-13 09:48:59,2024-08-13,2024-08-13 09:49:01,-3.571200000001409,-2.1131689201050903,-1.3012597518923825,1000000.0,1000000.0,,-99.9,0.0,0.0,,,0,0,0,0,0,0,-99.9,-99.9,-99.9,0,False,0,-99.9,False,False,0.0,0.0,0.0,0
93,58828.53,58863.06,58797.29,58857.51,58839.324,58857.27099999999,58883.81433333333,58925.46566666666,-22.789766565598256,-20.855819511420897,33.856221460331064,37.65289142778732,45.24623136269982,2024-08-13 09:49:59,2024-08-13,2024-08-13 09:50:00,-2.317400000001362,-0.36996194130624643,-1.1150001897751551,1000000.0,1000000.0,,-99.9,0.0,0.0,,,0,0,0,0,0,0,-99.9,-99.9,-99.9,0,False,0,-99.9,False,False,0.0,0.0,0.0,0
94,58837.52,58883.12,58826.34,58857.15,58847.621999999996,58854.174,58881.553,58923.727666666666,-21.04069825620536,-20.89279526037779,36.514455578165084,38.30477072718912,41.8854010252372,2024-08-13 09:50:59,2024-08-13,2024-08-13 09:51:00,-1.6570666666666511,0.6416784203291173,-0.7636644677543003,1000000.0,1000000.0,,-99.9,0.0,0.0,,,0,0,0,0,0,0,-99.9,-99.9,-99.9,0,False,0,-99.9,False,False,0.0,0.0,0.0,0
95,58853.76,58886.88,58844.03,58855.42,58848.328,58848.20900000001,58879.98066666667,58922.57366666666,-19.56857125305396,-20.627950458913023,40.215234533592216,44.6880414458002,53.63365527021618,2024-08-13 09:51:59,2024-08-13,2024-08-13 09:52:00,-1.1426666666651726,0.8213319410366239,-0.4466651859961154,1000000.0,1000000.0,,-99.9,0.0,0.0,,,0,0,0,0,0,0,-99.9,-99.9,-99.9,0,False,0,-99.9,False,False,0.0,0.0,0.0,0
96,58852.94,58977.83,58852.89,58941.11,58865.87999999999,58851.512,58881.215000000004,58922.56766666667,-11.35652221921191,-18.7736648109728,46.52043346173776,56.56848821222396,76.66459771319636,2024-08-13 09:52:59,2024-08-13,2024-08-13 09:53:01,-0.6418666666664649,2.296566671607434,0.10198118552459476,1000000.0,1000000.0,,-99.9,0.0,0.0,,,0,0,0,0,0,0,-99.9,-99.9,-99.9,0,False,0,-99.9,False,False,0.0,0.0,0.0,0
97,58935.93,58959.79,58924.29,58957.34,58893.706000000006,58860.119999999995,58885.976,58922.60633333333,-3.498460757145949,-15.71862400020743,57.53446487474699,71.3468649662168,98.97166514915642,2024-08-13 09:53:59,2024-08-13,2024-08-13 09:54:00,0.41640000000188593,4.24578400557075,0.9307417495338257,1000000.0,1000000.0,,-99.9,0.0,0.0,,,0,0,0,0,0,0,-99.9,-99.9,-99.9,0,False,0,-99.9,False,False,0.0,0.0,0.0,0
98,58949.46,58978.54,58938.62,58964.99,58915.202000000005,58877.263,58893.674333333336,58922.41033333333,3.3082650123615167,-11.913246197693642,71.85296966111632,87.6435558049082,119.22472809249197,2024-08-13 09:54:59,2024-08-13,2024-08-13 09:55:02,1.9720000000015716,5.219606315591955,1.7885146627454511,1000000.0,1000000.0,,-99.9,0.0,0.0,,,0,0,0,0,0,0,-99.9,-99.9,-99.9,0,False,0,-99.9,False,False,0.0,0.0,0.0,0
99,58975.94,58986.69,58916.33,58916.99,58927.17,58887.39599999999,58896.78766666666,58920.997,4.774408962693997,-8.575715165616113,80.47046301178415,82.42096826422743,86.32197876911397,2024-08-13 09:55:59,2024-08-13,2024-08-13 09:56:00,3.0469333333327087,5.163021443779871,2.463416018952335,1000000.0,1000000.0,,-99.9,0.0,0.0,,,0,0,0,0,0,0,-99.9,-99.9,-99.9,0,False,0,-99.9,False,False,0.0,0.0,0.0,0
100,58936.39,58963.68,58894.71,58931.69,58942.424,58895.376000000004,58900.87933333332,58919.85,7.041337596565427,-5.452304613179805,82.29383954190001,76.81699455656438,65.8633045858931,2024-08-13 09:56:59,2024-08-13,2024-08-13 09:57:00,4.17973333333066,5.321981769923878,3.0351291691466438,1000000.0,1000000.0,,-99.9,0.0,0.0,,,0,0,0,0,0,0,-99.9,-99.9,-99.9,0,False,0,-99.9,False,False,0.0,0.0,0.0,0
101,58920.45,58932.44,58885.32,58893.32,58932.865999999995,58899.372999999985,58901.200999999994,58917.878833333336,5.676323419720575,-3.2265790065997293,74.27398386630269,63.583988778116264,42.20399860174342,2024-08-13 09:57:59,2024-08-13,2024-08-13 09:58:02,3.9971999999979744,3.406569127786497,3.109417160874614,1000000.0,1000000.0,,-99.9,0.0,0.0,,,0,0,0,0,0,0,-99.9,-99.9,-99.9,0,False,0,-99.9,False,False,0.0,0.0,0.0,0
102,58892.25,58959.42,58892.25,58959.42,58933.28199999999,58913.494000000006,58900.920666666665,58916.03133333334,9.81511489461991,-0.6182402263558013,70.29837770110203,70.49414976862543,70.88569390367223,2024-08-13 09:58:59,2024-08-13,2024-08-13 09:59:01,2.988933333332534,2.6627151303531718,3.0200767547703258,1000000.0,1000000.0,,-99.9,0.0,0.0,,,0,0,0,0,0,0,-99.9,-99.9,-99.9,0,False,0,-99.9,False,False,0.0,0.0,0.0,0
103,58958.47,59000.09,58941.98,58963.94,58933.072,58924.13700000001,58900.423666666655,58913.715166666676,13.306474427437934,2.166702704402946,69.27168343690876,73.73691176398462,82.66736841813636,2024-08-13 09:59:59,2024-08-13,2024-08-13 10:00:10,1.3498666666637291,1.9996418830152833,2.8159897804193177,1000000.0,1000000.0,,-99.9,0.0,0.0,,,0,0,0,0,0,0,-99.9,-99.9,-99.9,0,False,0,-99.9,False,False,0.0,0.0,0.0,0
104,58951.81,58951.81,58896.55,58929.85,58935.64399999999,58931.40699999999,58897.443666666666,58911.30733333334,13.170799139159499,4.367521991354257,74.00500278056394,77.78394680908177,85.34183486611741,2024-08-13 10:00:59,2024-08-13,2024-08-13 10:01:00,0.1312000000005355,1.6792780352931005,2.588647431394074,1000000.0,1000000.0,,-99.9,0.0,0.0,,,0,0,0,0,0,0,-99.9,-99.9,-99.9,0,False,0,-99.9,False,False,0.0,0.0,0.0,0
105,58927.48,58945.62,58849.84,58938.61,58937.028000000006,58939.726,58893.72766666666,58910.13216666667,13.613209678100247,6.216659528703455,74.64293795521282,72.40795529257205,67.93798996729052,2024-08-13 10:01:59,2024-08-13,2024-08-13 10:02:00,-1.4303333333329646,1.3143744163069642,2.3337928283766525,1000000.0,1000000.0,,-99.9,0.0,0.0,,,0,0,0,0,0,0,-99.9,-99.9,-99.9,0,False,0,-99.9,False,False,0.0,0.0,0.0,0
106,58948.36,58952.13,58933.31,58952.13,58948.79,58940.827999999994,58891.666333333334,58909.032666666666,14.88320984760503,7.94996959248377,73.55290008692006,70.46679815910636,64.29459430347896,2024-08-13 10:02:59,2024-08-13,2024-08-13 10:03:12,-1.9069333333318355,1.841377285576891,2.2353097198167,1000000.0,1000000.0,,-99.9,0.0,0.0,,,0,0,0,0,0,0,-99.9,-99.9,-99.9,0,False,0,-99.9,False,False,0.0,0.0,0.0,0
107,58953.11,58953.11,58896.88,58898.64,58936.634000000005,58934.958,58890.186,58907.476,11.441606449378014,8.648296963862618,68.47458601166501,62.54900458331658,50.697841726619714,2024-08-13 10:03:59,2024-08-13,2024-08-13 10:04:00,-2.1469333333327087,0.3252983109516208,1.853307438043684,1000000.0,1000000.0,,-99.9,0.0,0.0,,,0,0,0,0,0,0,-99.9,-99.9,-99.9,0,False,0,-99.9,False,False,0.0,0.0,0.0,0
108,58898.5,58942.37,58873.54,58917.85,58927.41599999999,58930.24399999999,58892.077333333335,58906.87833333333,10.147226505476283,8.948082872185351,62.701369272435535,55.08830507488367,39.86217667977995,2024-08-13 10:04:59,2024-08-13,2024-08-13 10:05:00,-1.6692666666640434,-0.6318495843923302,1.356276033556481,1000000.0,1000000.0,,-99.9,0.0,0.0,,,0,0,0,0,0,0,-99.9,-99.9,-99.9,0,False,0,-99.9,False,False,0.0,0.0,0.0,0
109,58917.77,58952.65,58917.77,58952.64,58931.974,58933.808999999994,58893.15966666667,58906.60483333333,11.792743911188154,9.517015079985912,56.693895616817336,52.44437719225174,43.94534034312055,2024-08-13 10:05:59,2024-08-13,2024-08-13 10:06:01,-0.8567999999999302,-0.27561104559426897,1.029898617726331,1000000.0,1000000.0,,-99.9,0.0,0.0,,,0,0,0,0,0,0,-99.9,-99.9,-99.9,0,False,0,-99.9,False,False,0.0,0.0,0.0,0
110,58952.15,58952.15,58876.02,58888.11,58921.873999999996,58929.451,58893.45766666667,58905.17799999999,7.7998843981622485,9.17358894362118,51.532283272261814,47.06416754965003,38.12793610442647,2024-08-13 10:06:59,2024-08-13,2024-08-13 10:07:00,-0.05399999999790452,-1.1626650559875997,0.591385882983545,1000000.0,1000000.0,,-99.9,0.0,0.0,,,0,0,0,0,0,0,-99.9,-99.9,-99.9,0,False,0,-99.9,False,False,0.0,0.0,0.0,0
111,58882.42,58894.59,58821.93,58857.24,58902.89599999999,58925.84300000001,58893.91733333333,58904.0135,2.120123988825071,7.7628959526619585,45.803897870810125,37.903148870528625,22.101650869965624,2024-08-13 10:07:59,2024-08-13,2024-08-13 10:08:00,0.45019999999931315,-2.552617171755992,-0.03741472796436227,1000000.0,1000000.0,,-99.9,0.0,0.0,,,0,0,0,0,0,0,-99.9,-99.9,-99.9,0,False,0,-99.9,False,False,0.0,0.0,0.0,0
112,58861.66,58868.31,58813.69,58840.49,58891.26599999999,58913.95,58894.29533333333,58902.769333333345,-3.690174041148566,5.472281953899854,34.95219745675845,19.889275950096685,-10.236567063226843,2024-08-13 10:08:59,2024-08-13,2024-08-13 10:09:00,0.8218666666653007,-3.026356098105316,-0.6352030019925529,1000000.0,1000000.0,,-99.9,0.0,0.0,,,0,0,0,0,0,0,-99.9,-99.9,-99.9,0,False,0,-99.9,False,False,0.0,0.0,0.0,0
113,58836.91,58873.64,58836.91,58837.71,58875.238,58901.32699999999,58894.244999999995,58901.165666666675,-8.42211495875381,2.693402571369121,24.495609615891315,15.694404027048632,-1.9080071506367347,2024-08-13 10:09:59,2024-08-13,2024-08-13 10:10:00,0.43353333333216143,-3.7138682928460183,-1.2509360601632458,1000000.0,1000000.0,,-99.9,0.0,0.0,,,0,0,0,0,0,0,-99.9,-99.9,-99.9,0,False,0,-99.9,False,False,0.0,0.0,0.0,0
114,58854.09,58898.3,58834.57,58867.91,58858.291999999994,58895.132999999994,58893.57133333333,58900.25783333334,-9.624380749373813,0.22984590722053388,18.12255236243404,18.78397711015681,20.106826605602343,2024-08-13 10:10:59,2024-08-13,2024-08-13 10:11:00,0.08233333333337214,-4.283424932112394,-1.8574338345530754,1000000.0,1000000.0,,-99.9,0.0,0.0,,,0,0,0,0,0,0,-99.9,-99.9,-99.9,0,False,0,-99.9,False,False,0.0,0.0,0.0,0
115,58866.49,58920.0,58858.02,58881.65,58857.0,58889.437,58892.457333333325,58899.47416666667,-9.360578952851938,-1.6882390647939607,20.20762442294078,26.14449213161689,38.018227548969115,2024-08-13 10:11:59,2024-08-13,2024-08-13 10:12:01,-0.20006666666886302,-3.432092670202837,-2.1723656016830284,1000000.0,1000000.0,,-99.9,0.0,0.0,,,0,0,0,0,0,0,-99.9,-99.9,-99.9,0,False,0,-99.9,False,False,0.0,0.0,0.0,0
116,58852.3,58913.19,58852.3,58900.9,58865.731999999996,58884.314,58892.217999999986,58898.801666666666,-7.511610833615123,-2.8529134185581935,27.45767763471653,37.444563662375884,57.418335717694596,2024-08-13 10:12:59,2024-08-13,2024-08-13 10:13:00,-0.3398666666689678,-1.9263469644880389,-2.1231618742440306,1000000.0,1000000.0,,-99.9,0.0,0.0,,,0,0,0,0,0,0,-99.9,-99.9,-99.9,0,False,0,-99.9,False,False,0.0,0.0,0.0,0
117,58890.95,58901.23,58827.72,58840.31,58865.695999999996,58878.48100000001,58891.18633333331,58896.468166666666,-10.810776998492656,-4.444486134545086,32.56736249166906,34.113031681014405,37.2043700597051,2024-08-13 10:13:59,2024-08-13,2024-08-13 10:14:01,-0.6218000000037136,-1.424120591468818,-1.9833536176889879,1000000.0,1000000.0,,-99.9,0.0,0.0,,,0,0,0,0,0,0,-99.9,-99.9,-99.9,0,False,0,-99.9,False,False,0.0,0.0,0.0,0
118,58827.71,58851.29,58792.52,58825.3,58863.214,58869.226,58892.24433333332,58893.82283333333,-14.469772973840008,-6.449543502404071,33.44054261196012,28.764032492490077,19.41101225355,2024-08-13 10:14:59,2024-08-13,2024-08-13 10:15:00,-0.4001333333348157,-1.2095316030172398,-1.8285892147546385,1000000.0,1000000.0,,-99.9,0.0,0.0,,,0,0,0,0,0,0,-99.9,-99.9,-99.9,0,False,0,-99.9,False,False,0.0,0.0,0.0,0
119,58813.17,58825.01,58797.32,58824.21,58854.474,58856.382999999994,58892.529333333325,58891.18383333333,-17.25856158161332,-8.61134711824592,27.541143565947653,19.746366524338477,4.156812441120124,2024-08-13 10:15:59,2024-08-13,2024-08-13 10:16:01,-0.2084000000017113,-1.5268361664479015,-1.7682386050932908,1000000.0,1000000.0,,-99.9,0.0,0.0,,,0,0,0,0,0,0,-99.9,-99.9,-99.9,0,False,0,-99.9,False,False,0.0,0.0,0.0,0
120,58821.32,58882.29,58821.32,58826.61,58843.466,58850.23299999999,58891.68666666666,58888.69033333333,-19.055378165117872,-10.70015332762031,22.989431287639665,20.457894846090436,15.394821962991976,2024-08-13 10:16:59,2024-08-13,2024-08-13 10:17:01,-0.15413333333272022,-1.9389598424531869,-1.8023828525652696,1000000.0,1000000.0,,-99.9,0.0,0.0,,,0,0,0,0,0,0,-99.9,-99.9,-99.9,0,False,0,-99.9,False,False,0.0,0.0,0.0,0
121,58826.6,58826.6,58734.06,58783.66,58820.018,58842.875,58889.36366666666,58886.894,-23.672195965125866,-13.29456185512142,20.47390235792885,21.217445703357637,22.704532394215207,2024-08-13 10:17:59,2024-08-13,2024-08-13 10:18:01,-0.5708666666658246,-3.2321170263021486,-2.0883296873126453,1000000.0,1000000.0,,-99.9,0.0,0.0,,,0,0,0,0,0,0,-99.9,-99.9,-99.9,0,False,0,-99.9,False,False,0.0,0.0,0.0,0
122,58785.11,58822.51,58738.01,58822.51,58816.458,58841.077000000005,58889.507,58886.7005,-23.920446994015947,-15.419738882900326,23.2676397922201,28.12757882721222,37.84745689719646,2024-08-13 10:18:59,2024-08-13,2024-08-13 10:19:03,-0.3358666666623321,-2.621933999104658,-2.195050549671048,1000000.0,1000000.0,,-99.9,0.0,0.0,,,0,0,0,0,0,0,-99.9,-99.9,-99.9,0,False,0,-99.9,False,False,0.0,0.0,0.0,0
123,58805.22,58806.47,58742.1,58793.5,58810.098,58836.656,58887.37333333333,58885.59383333333,-26.15653601102531,-17.567098308525324,26.493849031390166,30.136522563600636,37.421869628021575,2024-08-13 10:19:59,2024-08-13,2024-08-13 10:20:00,-0.9741999999983818,-2.3373526074370603,-2.2235109612242505,1000000.0,1000000.0,,-99.9,0.0,0.0,,,0,0,0,0,0,0,-99.9,-99.9,-99.9,0,False,0,-99.9,False,False,0.0,0.0,0.0,0
124,58788.78,58811.4,58746.38,58760.76,58797.407999999996,58825.941000000006,58884.160333333326,58882.85666666667,-30.222115314820257,-20.09810170978431,28.541162242914837,27.359385337931652,24.99583152796528,2024-08-13 10:20:59,2024-08-13,2024-08-13 10:21:01,-1.6737999999997555,-2.5927107466413872,-2.2973509183076777,1000000.0,1000000.0,,-99.9,0.0,0.0,,,0,0,0,0,0,0,-99.9,-99.9,-99.9,0,False,0,-99.9,False,False,0.0,0.0,0.0,0
125,58752.49,58778.64,58683.84,58732.07,58778.5,58810.98299999999,58880.04866666666,58880.01466666666,-35.35164764327055,-23.148810896481557,26.058288046170684,20.67895623697976,9.92029261859792,2024-08-13 10:21:59,2024-08-13,2024-08-13 10:22:04,-2.3275999999998023,-3.259253895630536,-2.4897315137722495,1000000.0,1000000.0,,-99.9,0.0,0.0,,,0,0,0,0,0,0,-99.9,-99.9,-99.9,0,False,0,-99.9,False,False,0.0,0.0,0.0,0
126,58734.56,58734.56,58665.25,58692.08,58760.18400000001,58790.10099999999,58871.74766666666,58876.48133333333,-42.15772969384125,-26.950594655953495,21.047664931828546,15.104653220574226,3.218629798065585,2024-08-13 10:22:59,2024-08-13,2024-08-13 10:23:00,-3.523199999998906,-3.6971067457430764,-2.731206560166415,1000000.0,1000000.0,,-99.9,0.0,0.0,,,0,0,0,0,0,0,-99.9,-99.9,-99.9,0,False,0,-99.9,False,False,0.0,0.0,0.0,0
127,58690.6,58696.3,58442.26,58497.06,58695.094000000005,58755.776,58856.405000000006,58871.1905,-62.5668511899421,-34.073845962751214,16.641776851418886,14.141721096702675,9.141609587270253,2024-08-13 10:23:59,2024-08-13,2024-08-13 10:24:01,-6.620399999998336,-7.729280839185231,-3.7308214159701776,1000000.0,1000000.0,,-99.9,0.0,0.0,,,0,0,0,0,0,0,-99.9,-99.9,-99.9,0,False,0,-99.9,False,False,0.0,0.0,0.0,0
128,58498.33,58584.7,58462.02,58556.55,58647.704000000005,58728.901,58842.79033333334,58868.232333333326,-73.09825006933534,-41.878726784068036,14.851638419114837,15.30854094006761,16.22234598197316,2024-08-13 10:24:59,2024-08-13,2024-08-13 10:25:00,-8.916599999998288,-9.388342811662005,-4.8623256951085425,1000000.0,1000000.0,,-99.9,0.0,0.0,,,0,0,0,0,0,0,-99.9,-99.9,-99.9,0,False,0,-99.9,False,False,0.0,0.0,0.0,0
129,58530.98,58597.76,58502.95,58597.44,58615.04,58706.224,58832.13866666667,58864.46316666666,-77.25443722476484,-48.953868872207394,17.41070373982366,22.7818491827007,33.524140068454784,2024-08-13 10:25:59,2024-08-13,2024-08-13 10:26:00,-10.404333333330579,-9.406464381988917,-5.771153432484617,1000000.0,1000000.0,,-99.9,0.0,0.0,,,0,0,0,0,0,0,-99.9,-99.9,-99.9,0,False,0,-99.9,False,False,0.0,0.0,0.0,0
130,58597.71,58621.59,58563.59,58597.57,58588.14,58683.31999999999,58821.00133333334,58860.940333333325,-79.61994639525801,-55.087084376817515,22.776095165033443,30.23789537233202,45.16149578692917,2024-08-13 10:26:59,2024-08-13,2024-08-13 10:27:03,-11.80946666666423,-8.853659750397492,-6.387654696067192,1000000.0,1000000.0,,-99.9,0.0,0.0,,,0,0,0,0,0,0,-99.9,-99.9,-99.9,0,False,0,-99.9,False,False,0.0,0.0,0.0,0
131,58563.61,58641.6,58563.61,58624.45,58574.614,58667.399,58812.03900000001,58856.61999999999,-78.42164222519204,-59.753995946492424,29.69487339813283,36.06487563936577,48.804880121831665,2024-08-13 10:27:59,2024-08-13,2024-08-13 10:28:02,-11.941733333330195,-7.25278250627016,-6.560680258107785,1000000.0,1000000.0,,-99.9,0.0,0.0,,,0,0,0,0,0,0,-99.9,-99.9,-99.9,0,False,0,-99.9,False,False,0.0,0.0,0.0,0
132,58594.96,58677.74,58591.4,58654.02,58606.00600000001,58650.55,58801.85900000001,58851.38983333332,-74.23024559934856,-62.64924587706365,35.80834586195352,41.12226657416277,51.75010799858127,2024-08-13 10:28:59,2024-08-13,2024-08-13 10:29:01,-10.909199999998965,-2.332678881881293,-5.715079982862487,1000000.0,1000000.0,,-99.9,0.0,0.0,,,0,0,0,0,0,0,-99.9,-99.9,-99.9,0,False,0,-99.9,False,False,0.0,0.0,0.0,0
133,58631.62,58735.67,58631.62,58731.88,58641.072,58644.388,58794.123666666674,58847.27366666665,-63.88940498822922,-62.897277699296765,42.98973922602641,51.78207546455067,69.3667479415992,2024-08-13 10:29:59,2024-08-13,2024-08-13 10:30:00,-9.733333333332848,1.841769016221224,-4.203710183045746,1000000.0,1000000.0,,-99.9,0.0,0.0,,,0,0,0,0,0,0,-99.9,-99.9,-99.9,0,False,0,-99.9,False,False,0.0,0.0,0.0,0
134,58730.01,58730.01,58662.02,58690.16,58659.615999999995,58637.328,58786.134,58841.788833333325,-58.38761356939358,-61.99534487331613,50.795048828672556,59.48080444730423,76.85231568456759,2024-08-13 10:30:59,2024-08-13,2024-08-13 10:31:00,-9.200933333334978,3.7733647310742526,-2.6082952002217468,1000000.0,1000000.0,,-99.9,0.0,0.0,,,0,0,0,0,0,0,-99.9,-99.9,-99.9,0,False,0,-99.9,False,False,0.0,0.0,0.0,0
135,58689.34,58713.61,58624.41,58693.8,58678.862,58633.50100000001,58777.97366666667,58835.85066666665,-53.12133694700606,-60.22054328805412,58.91758642627891,65.48987936698182,78.63446524838766,2024-08-13 10:31:59,2024-08-13,2024-08-13 10:32:00,-8.605533333333733,5.299721889650391,-1.0266917822473203,1000000.0,1000000.0,,-99.9,0.0,0.0,,,0,0,0,0,0,0,-99.9,-99.9,-99.9,0,False,0,-99.9,False,False,0.0,0.0,0.0,0
136,58693.81,58706.85,58617.16,58670.27,58688.026,58631.32000000001,58768.57833333334,58830.12233333332,-50.26700242009974,-58.22983511446324,63.03681586874152,64.1397637919385,66.34565963833249,2024-08-13 10:32:59,2024-08-13,2024-08-13 10:33:00,-8.692133333334642,5.63092796101846,0.3048321664058363,1000000.0,1000000.0,,-99.9,0.0,0.0,,,0,0,0,0,0,0,-99.9,-99.9,-99.9,0,False,0,-99.9,False,False,0.0,0.0,0.0,0
137,58656.97,58708.32,58650.67,58707.49,58698.72000000001,58652.363,58762.20666666667,58826.19633333332,-44.48874029878789,-55.48161615132817,65.40653633788492,66.58996585473442,68.9568248884334,2024-08-13 10:33:59,2024-08-13,2024-08-13 10:34:01,-7.9304666666677806,5.948301060112135,1.433525945147096,1000000.0,1000000.0,,-99.9,0.0,0.0,,,0,0,0,0,0,0,-99.9,-99.9,-99.9,0,False,0,-99.9,False,False,0.0,0.0,0.0,0
138,58711.38,58791.29,58690.0,58780.75,58708.49399999999,58674.78300000001,58757.636666666665,58824.85699999998,-33.6105151006268,-51.107395941187896,69.19867471933723,76.86629451133878,92.20153409534188,2024-08-13 10:34:59,2024-08-13,2024-08-13 10:35:00,-7.2974000000016535,6.055777977520483,2.3579763516217738,1000000.0,1000000.0,,-99.9,0.0,0.0,,,0,0,0,0,0,0,-99.9,-99.9,-99.9,0,False,0,-99.9,False,False,0.0,0.0,0.0,0
139,58779.13,58779.13,58645.89,58655.84,58701.630000000005,58680.622999999985,58747.743333333325,58820.45149999998,-34.668993761893944,-47.81971550532911,73.37691325916579,76.67447941142414,83.26961171594084,2024-08-13 10:35:59,2024-08-13,2024-08-13 10:36:00,-7.678133333334699,4.743723961499927,2.8351258735974043,1000000.0,1000000.0,,-99.9,0.0,0.0,,,0,0,0,0,0,0,-99.9,-99.9,-99.9,0,False,0,-99.9,False,False,0.0,0.0,0.0,0
140,58654.31,58667.91,58584.24,58633.86,58689.64200000001,58684.252,58739.26833333333,58816.36299999998,-36.85658822570986,-45.627090049405254,74.85444070926256,71.02254820502473,63.35876319654906,2024-08-13 10:36:59,2024-08-13,2024-08-13 10:37:00,-7.7410666666677574,3.25294974425924,2.9186906477297727,1000000.0,1000000.0,,-99.9,0.0,0.0,,,0,0,0,0,0,0,-99.9,-99.9,-99.9,0,False,0,-99.9,False,False,0.0,0.0,0.0,0
141,58652.13,58652.13,58596.62,58613.24,58678.236,58683.130999999994,58731.135,58812.52616666665,-39.79539769764233,-44.46075157905267,67.23381790329496,54.00442609343603,27.545642473718175,2024-08-13 10:37:59,2024-08-13,2024-08-13 10:38:00,-7.488666666667268,2.094320944491483,2.7538167070821147,1000000.0,1000000.0,,-99.9,0.0,0.0,,,0,0,0,0,0,0,-99.9,-99.9,-99.9,0,False,0,-99.9,False,False,0.0,0.0,0.0,0
142,58604.42,58613.22,58514.82,58610.08,58658.754,58678.737,58723.45466666667,58808.874999999985,-41.89645471755648,-43.94789220675343,57.006200864067715,45.99162829374236,23.96248315309164,2024-08-13 10:38:59,2024-08-13,2024-08-13 10:39:00,-7.750400000000082,0.5184571162462817,2.3067447889149477,1000000.0,1000000.0,,-99.9,0.0,0.0,,,0,0,0,0,0,0,-99.9,-99.9,-99.9,0,False,0,-99.9,False,False,0.0,0.0,0.0,0
143,58587.4,58616.1,58542.62,58542.62,58611.128000000004,58659.81099999999,58713.61833333334,58803.93166666666,-48.44655403836805,-44.84762457307635,43.68037709849391,31.045076908303347,5.774476527922218,2024-08-13 10:39:59,2024-08-13,2024-08-13 10:40:00,-8.803666666665231,-2.96720778754825,1.2519542736223088,1000000.0,1000000.0,,-99.9,0.0,0.0,,,0,0,0,0,0,0,-99.9,-99.9,-99.9,0,False,0,-99.9,False,False,0.0,0.0,0.0,0
144,58557.54,58603.4,58544.42,58585.16,58596.99199999999,58649.31100000001,58704.19333333333,58798.88233333333,-49.6327964801676,-45.8046589544946,33.75129913142387,24.21719219222591,5.148978313829986,2024-08-13 10:40:59,2024-08-13,2024-08-13 10:41:00,-8.709999999999127,-2.992760543654731,0.4030113101669016,1000000.0,1000000.0,,-99.9,0.0,0.0,,,0,0,0,0,0,0,-99.9,-99.9,-99.9,0,False,0,-99.9,False,False,0.0,0.0,0.0,0
145,58585.05,58686.2,58565.72,58683.87,58606.994000000006,58648.31800000001,58697.60066666667,58795.028999999995,-42.12227079803415,-45.06818132320251,29.15891160168908,32.214465704537986,38.325573910235796,2024-08-13 10:41:59,2024-08-13,2024-08-13 10:42:00,-8.333533333332161,-1.053136514464859,0.11178174524054896,1000000.0,1000000.0,,-99.9,0.0,0.0,,,0,0,0,0,0,0,-99.9,-99.9,-99.9,0,False,0,-99.9,False,False,0.0,0.0,0.0,0
146,58668.07,58694.77,58668.07,58687.55,58621.85600000001,58650.04600000001,58690.48900000001,58791.35349999999,-35.46436867331795,-43.1474187932256,35.37333018899208,49.68833267021233,78.31833763265284,2024-08-13 10:42:59,2024-08-13,2024-08-13 10:43:01,-8.129199999998672,0.866205804864876,0.26266655716541437,1000000.0,1000000.0,,-99.9,0.0,0.0,,,0,0,0,0,0,0,-99.9,-99.9,-99.9,0,False,0,-99.9,False,False,0.0,0.0,0.0,0
147,58687.85,58691.57,58656.02,58656.02,58631.04400000001,58644.89900000001,58684.34600000001,58787.76616666665,-32.35912491550698,-40.989760017681874,46.71151782592517,58.231755103025186,81.27222965722521,2024-08-13 10:43:59,2024-08-13,2024-08-13 10:44:00,-7.82173333333194,1.9074659604098998,0.5916264378143111,1000000.0,1000000.0,,-99.9,0.0,0.0,,,0,0,0,0,0,0,-99.9,-99.9,-99.9,0,False,0,-99.9,False,False,0.0,0.0,0.0,0
148,58672.33,58689.28,58651.78,58674.28,58657.376000000004,58634.252,58679.31200000001,58785.778166666656,-28.10083849653165,-38.41197571345183,54.99853309380591,57.075511508180206,61.229468336928804,2024-08-13 10:44:59,2024-08-13,2024-08-13 10:45:00,-6.861266666665324,4.06914310836728,1.2871297719249042,1000000.0,1000000.0,,-99.9,0.0,0.0,,,0,0,0,0,0,0,-99.9,-99.9,-99.9,0,False,0,-99.9,False,False,0.0,0.0,0.0,0
149,58682.48,58751.71,58675.04,58751.71,58690.686,58643.83899999999,58676.895333333356,58784.71233333333,-18.2675845956619,-34.38309748989384,60.03946580500966,64.81113080382362,74.35446080145151,2024-08-13 10:45:59,2024-08-13,2024-08-13 10:46:00,-5.45959999999468,6.27304237690114,2.284312292920151,1000000.0,1000000.0,,-99.9,0.0,0.0,,,0,0,0,0,0,0,-99.9,-99.9,-99.9,0,False,0,-99.9,False,False,0.0,0.0,0.0,0
150,58731.68,58747.2,58684.51,58727.72,58699.456000000006,58653.225,58673.59900000002,58782.64283333333,-12.269022883068828,-29.96028256852884,65.11415745328962,73.45583004786505,90.1391752370159,2024-08-13 10:46:59,2024-08-13,2024-08-13 10:47:05,-4.800333333331219,5.970649582993064,3.021579750934734,1000000.0,1000000.0,,-99.9,0.0,0.0,,,0,0,0,0,0,0,-99.9,-99.9,-99.9,0,False,0,-99.9,False,False,0.0,0.0,0.0,0
151,58737.83,58763.76,58713.29,58744.16,58710.778000000006,58666.31700000002,58672.28233333335,58780.823,-6.118024129522382,-25.191830880727547,73.38268568420092,81.88109620091412,98.87791723434052,2024-08-13 10:47:59,2024-08-13,2024-08-13 10:48:05,-3.6413333333315676,5.869268908759113,3.59111758249961,1000000.0,1000000.0,,-99.9,0.0,0.0,,,0,0,0,0,0,0,-99.9,-99.9,-99.9,0,False,0,-99.9,False,False,0.0,0.0,0.0,0
152,58738.98,58767.74,58684.54,58741.77,58727.928,58679.48600000001,58669.59100000001,58779.549000000006,-1.419799759874877,-20.437424656557013,79.09281674332517,81.94152398119637,87.63893845693875,2024-08-13 10:48:59,2024-08-13,2024-08-13 10:49:00,-2.9510000000009313,6.187865031126421,4.1104670722249725,1000000.0,1000000.0,,-99.9,0.0,0.0,,,0,0,0,0,0,0,-99.9,-99.9,-99.9,0,False,0,-99.9,False,False,0.0,0.0,0.0,0
153,58740.74,58784.1,58727.38,58741.97,58741.46599999999,58699.42100000001,58667.87333333334,58777.623333333344,2.293279729274218,-15.891283779390767,82.73782898120889,84.39086676151616,87.6969423221307,2024-08-13 10:49:59,2024-08-13,2024-08-13 10:50:00,-2.2877333333351997,6.078823645161174,4.504138386812213,1000000.0,1000000.0,,-99.9,0.0,0.0,,,0,0,0,0,0,0,-99.9,-99.9,-99.9,0,False,0,-99.9,False,False,0.0,0.0,0.0,0
154,58741.24,58765.75,58710.16,58738.36,58738.795999999995,58714.741,58667.12666666668,58775.64350000001,4.888276141231472,-11.735371795266317,83.58119924673763,84.41120699750036,86.07122249902582,2024-08-13 10:50:59,2024-08-13,2024-08-13 10:51:00,-1.953733333335549,4.631172147378675,4.529545138925505,1000000.0,1000000.0,,-99.9,0.0,0.0,,,0,0,0,0,0,0,-99.9,-99.9,-99.9,0,False,0,-99.9,False,False,0.0,0.0,0.0,0
155,58731.39,58785.2,58709.51,58769.89,58747.23,58723.34300000001,58668.38733333334,58774.218000000015,9.380899812815187,-7.512117473650016,85.34581761514501,87.23537908641852,91.01450202896555,2024-08-13 10:51:59,2024-08-13,2024-08-13 10:52:00,-1.0423333333354095,4.329984539176803,4.4896330189757645,1000000.0,1000000.0,,-99.9,0.0,0.0,,,0,0,0,0,0,0,-99.9,-99.9,-99.9,0,False,0,-99.9,False,False,0.0,0.0,0.0,0
156,58759.78,58786.01,58738.78,58762.7,58750.938,58730.85799999999,58670.74133333333,58771.244500000015,12.220295569037262,-3.5656348651125604,86.9682331783032,89.2581134509907,93.83787399636572,2024-08-13 10:52:59,2024-08-13,2024-08-13 10:53:00,-0.30820000000385334,3.667663939711929,4.325239203122997,1000000.0,1000000.0,,-99.9,0.0,0.0,,,0,0,0,0,0,0,-99.9,-99.9,-99.9,0,False,0,-99.9,False,False,0.0,0.0,0.0,0
157,58773.24,58789.87,58701.27,58726.05,58747.793999999994,58737.861,58678.37433333333,58767.38966666668,11.381984032523178,-0.5761110855854126,87.58218139548013,86.2530516490312,83.59479215613337,2024-08-13 10:53:59,2024-08-13,2024-08-13 10:54:01,1.7566666666651145,2.560356758479611,3.97226271419432,1000000.0,1000000.0,,-99.9,0.0,0.0,,,0,0,0,0,0,0,-99.9,-99.9,-99.9,0,False,0,-99.9,False,False,0.0,0.0,0.0,0
158,58714.2,58767.35,58713.42,58733.79,58746.157999999996,58743.812,58684.28233333333,58763.536333333344,11.212913922354346,1.7816939160025393,85.10401008831276,79.80086516491637,69.19457531812358,2024-08-13 10:54:59,2024-08-13,2024-08-13 10:55:00,3.281799999998475,1.7839268386160256,3.534595539078661,1000000.0,1000000.0,,-99.9,0.0,0.0,,,0,0,0,0,0,0,-99.9,-99.9,-99.9,0,False,0,-99.9,False,False,0.0,0.0,0.0,0
159,58755.09,58784.12,58745.13,58772.74,58753.03400000001,58745.915,58690.12566666666,58761.132166666684,14.05979159760318,4.237313452322668,81.63740159868233,78.8582879820994,73.30006074893353,2024-08-13 10:55:59,2024-08-13,2024-08-13 10:56:00,4.599799999996321,1.8343030912743417,3.194537049517797,1000000.0,1000000.0,,-99.9,0.0,0.0,,,0,0,0,0,0,0,-99.9,-99.9,-99.9,0,False,0,-99.9,False,False,0.0,0.0,0.0,0
160,58765.7,58779.33,58709.81,58724.46,58743.948,58745.589,58694.35533333333,58757.67833333335,12.278629758016905,5.845576713461515,76.79843187321514,71.73614247262965,61.6115636714587,2024-08-13 10:56:59,2024-08-13,2024-08-13 10:57:01,5.193599999998696,0.5795459890403436,2.671538837422306,1000000.0,1000000.0,,-99.9,0.0,0.0,,,0,0,0,0,0,0,-99.9,-99.9,-99.9,0,False,0,-99.9,False,False,0.0,0.0,0.0,0
161,58725.9,58725.9,58618.4,58633.25,58718.058,58734.498,58694.64866666667,58753.343833333354,3.467193789583689,5.36990012868595,66.74123181865313,49.62926500123037,15.405331366384843,2024-08-13 10:57:59,2024-08-13,2024-08-13 10:58:00,4.7814666666672565,-1.7506203558907145,1.7871069987597021,1000000.0,1000000.0,,-99.9,0.0,0.0,,,0,0,0,0,0,0,-99.9,-99.9,-99.9,0,False,0,-99.9,False,False,0.0,0.0,0.0,0
162,58632.02,58697.19,58632.02,58657.05,58704.257999999994,58726.026,58694.74966666666,58748.30433333335,-1.5772895906920894,3.9804621848103423,49.76992853221913,27.944378122797392,-15.706722696046086,2024-08-13 10:58:59,2024-08-13,2024-08-13 10:59:01,3.2750666666659525,-2.5918547246430537,0.911314654079151,1000000.0,1000000.0,,-99.9,0.0,0.0,,,0,0,0,0,0,0,-99.9,-99.9,-99.9,0,False,0,-99.9,False,False,0.0,0.0,0.0,0
163,58657.05,58685.21,58637.98,58685.21,58694.542,58720.35,58693.193999999996,58743.65883333334,-3.2651635827569407,2.5313370312968857,33.653867381680506,23.387959021013756,2.8561422996802577,2024-08-13 10:59:59,2024-08-13,2024-08-13 11:00:01,1.7823333333333722,-2.8956155010222573,0.14992862305886928,1000000.0,1000000.0,,-99.9,0.0,0.0,,,0,0,0,0,0,0,-99.9,-99.9,-99.9,0,False,0,-99.9,False,False,0.0,0.0,0.0,0
164,58685.21,58738.0,58607.14,58696.33,58679.259999999995,58716.147,58693.39966666667,58739.76683333335,-3.663296612627164,1.2924103025120757,29.367800076011747,36.771063084224096,51.577589100648794,2024-08-13 11:00:59,2024-08-13,2024-08-13 11:01:00,0.6548000000024331,-3.544617642046069,-0.5889806299621184,1000000.0,1000000.0,,-99.9,0.0,0.0,,,0,0,0,0,0,0,-99.9,-99.9,-99.9,0,False,0,-99.9,False,False,0.0,0.0,0.0,0
165,58717.04,58748.02,58670.25,58736.59,58681.68600000001,58712.816999999995,58694.82600000001,58736.39983333335,-0.7218532985643833,0.8895575822967838,37.676899525605116,52.871676471577494,83.26123036352224,2024-08-13 11:01:59,2024-08-13,2024-08-13 11:02:03,0.09413333333504852,-2.600096611316258,-0.9912038262329462,1000000.0,1000000.0,,-99.9,0.0,0.0,,,0,0,0,0,0,0,-99.9,-99.9,-99.9,0,False,0,-99.9,False,False,0.0,0.0,0.0,0
166,58727.11,58736.36,58667.61,58710.58,58697.152,58707.604999999996,58696.169666666676,58732.37400000002,-0.4839492399842129,0.6148562178405845,49.46536383194056,58.75335194002008,77.32932815617913,2024-08-13 11:02:59,2024-08-13,2024-08-13 11:03:00,0.30420000000158326,-0.7902286059135804,-0.9510087821690731,1000000.0,1000000.0,,-99.9,0.0,0.0,,,0,0,0,0,0,0,-99.9,-99.9,-99.9,0,False,0,-99.9,False,False,0.0,0.0,0.0,0
167,58703.64,58735.72,58676.61,58705.7,58706.882000000005,58705.56999999999,58696.11000000001,58729.15833333335,-0.6813298295310233,0.355619008366263,57.36254724636398,60.46261332749435,66.6627454897551,2024-08-13 11:03:59,2024-08-13,2024-08-13 11:04:02,0.27206666666897944,0.17919195223221324,-0.7249686352888158,1000000.0,1000000.0,,-99.9,0.0,0.0,,,0,0,0,0,0,0,-99.9,-99.9,-99.9,0,False,0,-99.9,False,False,0.0,0.0,0.0,0
168,58705.78,58719.21,58656.39,58671.69,58704.178,58699.36000000001,58692.474666666676,58725.05566666668,-3.5412567321109236,-0.4237561397291744,55.94653921693729,48.62365238329744,33.97787871601774,2024-08-13 11:04:59,2024-08-13,2024-08-13 11:05:01,-0.14386666666396195,-0.05521862987079658,-0.5910186342052121,1000000.0,1000000.0,,-99.9,0.0,0.0,,,0,0,0,0,0,0,-99.9,-99.9,-99.9,0,False,0,-99.9,False,False,0.0,0.0,0.0,0
169,58661.27,58786.41,58658.62,58758.41,58716.594,58697.92700000001,58695.89366666666,58721.81850000001,1.17625075711112,-0.10375476036111547,55.47833172196919,57.34872945511577,61.08952492140894,2024-08-13 11:05:59,2024-08-13,2024-08-13 11:06:01,0.4987999999983003,0.9679094739476568,-0.27923301257463823,1000000.0,1000000.0,,-99.9,0.0,0.0,,,0,0,0,0,0,0,-99.9,-99.9,-99.9,0,False,0,-99.9,False,False,0.0,0.0,0.0,0
170,58736.75,58797.86,58715.11,58746.84,58718.64399999999,58700.165,58699.65966666667,58719.464000000014,3.9359361032838933,0.7041834123678863,56.58606356344205,63.785808851912954,78.18529942885476,2024-08-13 11:06:59,2024-08-13,2024-08-13 11:07:00,0.9667333333316492,0.9315578803696554,-0.03707483398577951,1000000.0,1000000.0,,-99.9,0.0,0.0,,,0,0,0,0,0,0,-99.9,-99.9,-99.9,0,False,0,-99.9,False,False,0.0,0.0,0.0,0
171,58748.64,58766.48,58708.99,58733.97,58723.322,58710.237,58703.68400000001,58717.409500000016,5.026562102670141,1.5686591504283374,65.10403636318007,74.1775707825115,92.32463962117433,2024-08-13 11:07:59,2024-08-13,2024-08-13 11:08:00,1.5028666666665231,1.1021022685308708,0.19076058651755057,1000000.0,1000000.0,,-99.9,0.0,0.0,,,0,0,0,0,0,0,-99.9,-99.9,-99.9,0,False,0,-99.9,False,False,0.0,0.0,0.0,0
172,58728.52,58759.76,58703.0,58709.52,58724.085999999996,58715.484,58706.998666666674,58715.226666666684,3.87333105259313,2.029593530861296,67.48003314436038,64.47671979865667,58.470093107249255,2024-08-13 11:08:59,2024-08-13,2024-08-13 11:09:00,2.1777333333331628,0.9109321764248307,0.3347949044990066,1000000.0,1000000.0,,-99.9,0.0,0.0,,,0,0,0,0,0,0,-99.9,-99.9,-99.9,0,False,0,-99.9,False,False,0.0,0.0,0.0,0
173,58705.67,58716.03,58662.98,58665.83,58722.914000000004,58713.545999999995,58711.10566666668,58712.36200000003,-0.5595802379539236,1.511758777098252,62.99079447411048,50.31809284116326,24.97268957526883,2024-08-13 11:09:59,2024-08-13,2024-08-13 11:10:01,3.7262000000002446,0.5963352988314,0.38710298336548526,1000000.0,1000000.0,,-99.9,0.0,0.0,,,0,0,0,0,0,0,-99.9,-99.9,-99.9,0,False,0,-99.9,False,False,0.0,0.0,0.0,0
174,58664.07,58691.41,58564.48,58614.56,58694.14399999999,58705.36899999999,58712.08566666667,58708.13950000002,-8.11619643153972,-0.4138322646293424,50.032961408676364,35.30407158620915,5.846291941274714,2024-08-13 11:10:59,2024-08-13,2024-08-13 11:11:01,3.2384000000020023,-1.858489437730168,-0.06201550085364539,1000000.0,1000000.0,,-99.9,0.0,0.0,,,0,0,0,0,0,0,-99.9,-99.9,-99.9,0,False,0,-99.9,False,False,0.0,0.0,0.0,0
175,58628.9,58645.09,58599.63,58639.23,58672.621999999996,58695.632999999994,58710.59766666668,58704.09916666669,-11.976152749237372,-2.726296361550949,37.903025319352466,28.08691153068499,8.454683953350042,2024-08-13 11:11:59,2024-08-13,2024-08-13 11:12:00,2.1876000000032945,-3.182417770504253,-0.686095954783767,1000000.0,1000000.0,,-99.9,0.0,0.0,,,0,0,0,0,0,0,-99.9,-99.9,-99.9,0,False,0,-99.9,False,False,0.0,0.0,0.0,0
176,58638.96,58687.6,58608.57,58684.96,58662.82000000001,58693.070999999996,58710.511333333336,58700.50016666668,-11.215877468232065,-4.424212582887172,32.809420458509045,35.03727825863301,39.492993858880936,2024-08-13 11:12:59,2024-08-13,2024-08-13 11:13:01,1.365466666665452,-3.2484879141804415,-1.198574346663102,1000000.0,1000000.0,,-99.9,0.0,0.0,,,0,0,0,0,0,0,-99.9,-99.9,-99.9,0,False,0,-99.9,False,False,0.0,0.0,0.0,0
177,58681.39,58697.59,58660.28,58682.1,58657.335999999996,58690.710999999996,58711.38066666667,58697.86333333335,-10.720552077495086,-5.683480481808755,35.93603671603421,44.68392035878464,62.17968764428551,2024-08-13 11:13:59,2024-08-13,2024-08-13 11:14:02,0.8763999999995576,-2.9187766260176433,-1.54261480253401,1000000.0,1000000.0,,-99.9,0.0,0.0,,,0,0,0,0,0,0,-99.9,-99.9,-99.9,0,False,0,-99.9,False,False,0.0,0.0,0.0,0
178,58681.14,58718.52,58680.82,58718.51,58667.871999999996,58695.393000000004,58712.854999999996,58696.083500000015,-7.305803670766181,-6.00794511960024,45.2428561906658,56.00736995457972,77.53639748240757,2024-08-13 11:14:59,2024-08-13,2024-08-13 11:15:00,0.3498666666637291,-1.3492446865624514,-1.5039407793396984,1000000.0,1000000.0,,-99.9,0.0,0.0,,,0,0,0,0,0,0,-99.9,-99.9,-99.9,0,False,0,-99.9,False,False,0.0,0.0,0.0,0
179,58718.47,58789.14,58666.04,58712.39,58687.438,58690.79099999999,58711.54433333333,58694.21983333335,-5.035379093744268,-5.813431914429046,53.5388160463138,59.92515782557704,72.69784138410353,2024-08-13 11:15:59,2024-08-13,2024-08-13 11:16:01,-0.1082666666683508,0.6161634675590903,-1.0799199299599407,1000000.0,1000000.0,no_entry,-99.9,0.0,0.0,0.0,0,1,0,29,0,0,0,-99.9,-99.9,1000000.0,0,False,0,-99.9,False,False,0.0,0.0,0.0,2
180,58711.59,58784.83,58711.59,58722.61,58704.114,58688.367999999995,58711.373999999996,58692.486500000006,-2.383902526635211,-5.127526036870279,60.54789042191501,65.71114348558825,76.03764961293474,2024-08-13 11:16:59,2024-08-13,2024-08-13 11:17:00,0.15526666666264646,1.9184500445204322,-0.48024593506386604,1000000.0,1000000.0,no_entry,-99.9,0.0,0.0,0.0,0,0,0,67,0,0,0,-99.9,-99.9,1000000.0,0,False,0,-99.9,False,False,0.0,0.0,0.0,0
181,58734.99,58762.94,58734.99,58757.22,58718.56599999999,58690.69300000001,58711.80933333333,58692.04583333335,2.481543815425539,-3.6057120664111153,65.62544633930308,71.24003770674396,82.46922044162571,2024-08-13 11:17:59,2024-08-13,2024-08-13 11:18:05,0.25959999999904537,2.739484256731521,0.16370010329521137,1000000.0,1000000.0,no_entry,-99.9,0.0,0.0,0.0,0,0,0,99,0,0,0,-99.9,-99.9,1000000.0,0,False,0,-99.9,False,False,0.0,0.0,0.0,0
182,58763.55,58786.85,58743.24,58786.47,58739.44,58698.388,58713.299333333336,58691.44516666668,8.598556831959286,-1.1648582867370347,72.92398663124493,81.82077870140255,99.61436284171776,2024-08-13 11:18:59,2024-08-13,2024-08-13 11:19:00,0.38373333333292975,3.8638217818908744,0.9037244390143441,1000000.0,1000000.0,no_entry,-99.9,0.0,0.0,0.0,0,0,0,134,0,0,0,-99.9,-99.9,1000000.0,0,False,0,-99.9,False,False,0.0,0.0,0.0,0
183,58750.5,58795.31,58750.5,58784.92,58752.721999999994,58710.297,58714.731,58691.30216666668,13.169452422327595,1.7020038550758914,81.26041458374968,90.72042734310253,109.64045286180823,2024-08-13 11:19:59,2024-08-13,2024-08-13 11:20:00,0.37520000000076836,4.095051218618755,1.5419897949352264,1000000.0,1000000.0,no_entry,-99.9,0.0,0.0,0.0,0,0,0,171,0,0,0,-99.9,-99.9,1000000.0,0,False,0,-99.9,False,False,0.0,0.0,0.0,4
184,58797.12,58797.12,58736.07,58756.24,58761.49199999999,58724.465000000004,58715.327,58691.22683333335,14.312695948428882,4.22414227374649,87.73626063416344,90.66757585798523,96.53020630562878,2024-08-13 11:20:59,2024-08-13,2024-08-13 11:21:01,0.7565333333332092,3.86961500843463,2.0075148376351075,1000000.0,1000000.0,no_entry,-99.9,0.0,0.0,0.0,0,0,0,213,0,0,0,-99.9,-99.9,1000000.0,0,False,0,-99.9,False,False,0.0,0.0,0.0,40
185,58743.61,58787.36,58743.61,58772.19,58771.407999999996,58737.76100000001,58715.403666666665,58691.89550000001,16.317656591978448,6.642845137392881,90.0367846372422,88.72235071063886,86.09348285743218,2024-08-13 11:21:59,2024-08-13,2024-08-13 11:22:00,0.8059333333338146,3.740311823722732,2.3540742348526322,1000000.0,1000000.0,no_entry,-99.9,0.0,0.0,0.0,0,0,0,248,0,1,1,-99.9,-99.9,1000000.0,0,False,0,-99.9,False,False,0.0,0.0,0.0,0
186,58774.31,58792.2,58718.97,58758.71,58771.706000000006,58745.135999999984,58715.270666666656,58693.006000000016,16.627210867212852,8.639718283356876,88.15232765492381,85.06705639614731,78.8965138785943,2024-08-13 11:22:59,2024-08-13,2024-08-13 11:23:01,0.6922666666650912,2.829133410357463,2.4490860699535983,1000000.0,1000000.0,no_entry,-99.9,0.0,0.0,0.0,0,0,0,280,0,1,1,-99.9,-99.9,1000000.0,0,False,0,-99.9,False,False,0.0,0.0,0.0,10
187,58768.76,58793.37,58745.61,58768.02,58768.016,58753.728,58716.669666666654,58697.52200000001,17.4229333236799,10.396361291421481,86.84811201282248,86.7549289316813,86.56856276939894,2024-08-13 11:23:59,2024-08-13,2024-08-13 11:24:01,0.6740666666635662,1.7648752983441227,2.3122439156317034,1000000.0,1000000.0,no_entry,-99.9,0.0,0.0,0.0,0,0,0,315,0,1,1,-99.9,-99.9,1000000.0,0,False,0,-99.9,False,False,0.0,0.0,0.0,0
188,58750.04,58761.15,58706.58,58726.3,58756.291999999994,58754.507000000005,58716.42,58700.351166666675,14.519719483891095,11.221032929915404,83.39853635055482,78.37362372383586,68.32379847039795,2024-08-13 11:24:59,2024-08-13,2024-08-13 11:25:00,0.33779999999969734,0.27005341231269997,1.9038058149679025,1000000.0,1000000.0,no_entry,-99.9,0.0,0.0,0.0,0,0,0,353,0,0,0,-99.9,-99.9,1000000.0,0,False,0,-99.9,False,False,0.0,0.0,0.0,38
189,58728.8,58740.41,58673.57,58677.38,58740.52,58751.00600000001,58713.241333333324,58701.68350000001,8.177204715007974,10.612267286933918,75.9457017823013,62.70855269138671,36.23425450955753,2024-08-13 11:25:59,2024-08-13,2024-08-13 11:26:00,-0.4171333333346411,-1.2270982466841815,1.2776250026374856,1000000.0,1000000.0,no_entry,-99.9,0.0,0.0,0.0,0,0,1,0,0,0,0,-99.9,-99.9,1000000.0,0,False,0,-99.9,False,False,0.0,0.0,0.0,7
190,58677.68,58703.54,58658.99,58667.16,58719.514,58745.460999999996,58711.33133333331,58702.843333333345,2.2995398138591554,8.949721792318964,58.866166923661844,35.51632435576297,-11.18336078003479,2024-08-13 11:26:59,2024-08-13,2024-08-13 11:27:00,-0.8144666666703415,-2.8036233556238583,0.4613753309852166,1000000.0,1000000.0,no_entry,-99.9,0.0,0.0,0.0,0,0,0,0,0,0,0,-99.9,-99.9,1000000.0,0,False,0,-99.9,False,False,0.0,0.0,0.0,1
191,58666.81,58719.74,58635.79,58666.38,58701.047999999995,58736.377,58712.43566666665,58703.54216666668,-2.3938961037201807,6.680998213111135,39.56053147954391,20.456717391482062,-17.750910784641633,2024-08-13 11:27:59,2024-08-13,2024-08-13 11:28:00,-0.5670000000012806,-3.8042213941866065,-0.39174401404914827,1000000.0,1000000.0,no_entry,-99.9,0.0,0.0,0.0,0,0,0,0,0,0,0,-99.9,-99.9,1000000.0,0,False,0,-99.9,False,False,0.0,0.0,0.0,15
192,58645.14,58703.25,58640.93,58693.5,58686.14399999999,58727.08,58713.650666666654,58704.20016666668,-3.8803898157420917,4.56872060734049,25.396264339687438,20.215751271817286,9.854725136076986,2024-08-13 11:28:59,2024-08-13,2024-08-13 11:29:17,-0.6038000000000465,-4.260664627884398,-1.1655281368161983,1000000.0,1000000.0,no_entry,-99.9,0.0,0.0,0.0,0,0,0,0,0,0,0,-99.9,-99.9,1000000.0,0,False,0,-99.9,False,False,0.0,0.0,0.0,0
193,58708.69,58708.74,58678.02,58690.84,58679.052,58717.672,58713.838333333326,58703.51616666667,-5.212994407032966,2.6123776044657987,23.43028306944994,29.618380545050456,41.99457549625149,2024-08-13 11:29:59,2024-08-13,2024-08-13 11:30:01,-0.5163333333344781,-3.946542778184812,-1.7217310650899211,1000000.0,1000000.0,no_entry,-99.9,0.0,0.0,0.0,0,0,0,0,1,0,0,-99.9,-99.9,1000000.0,0,False,0,-99.9,False,False,0.0,0.0,0.0,5
194,58690.1,58782.16,58670.18,58743.32,58692.240000000005,58716.37999999999,58715.404666666655,58704.402166666674,-2.0112117431490333,1.6876597349428324,31.78317834255869,45.51540321080832,72.97985294730759,2024-08-13 11:30:59,2024-08-13,2024-08-13 11:31:01,0.4326666666660458,-2.0376832916314016,-1.7849215103982172,1000000.0,1000000.0,no_entry,-99.9,0.0,0.0,0.0,0,0,0,0,0,0,0,-99.9,-99.9,1000000.0,0,False,0,-99.9,False,False,0.0,0.0,0.0,0
195,58740.3,58769.96,58714.8,58745.0,58707.808000000005,58713.661,58715.68499999998,58705.2555,0.6542443239159184,1.4809766527374495,43.76330089464463,56.156118928075095,80.94175499493602,2024-08-13 11:31:59,2024-08-13,2024-08-13 11:32:01,0.8707333333339193,-0.3290590979886474,-1.4937490279163028,1000000.0,1000000.0,no_entry,-99.9,0.0,0.0,0.0,0,1,0,0,0,0,0,-99.9,-99.9,1000000.0,0,False,0,-99.9,False,False,0.0,0.0,0.0,0
196,58744.09,58749.2,58717.89,58732.29,58720.990000000005,58711.01899999999,58716.40866666666,58706.28916666667,1.7212056947028032,1.5290224611305203,55.46395586685512,64.72034546168197,83.23312465133567,2024-08-13 11:32:59,2024-08-13,2024-08-13 11:33:01,0.7946000000025378,0.8230203596845967,-1.030395150396123,1000000.0,1000000.0,buy,58747.03,0.0,0.0,0.0,0,1,0,0,0,0,0,58747.03,-99.9,1000000.0,0,True,0,58747.03,True,False,0.0,0.0,0.0,2
197,58748.02,58771.58,58720.84,58739.35,58730.159999999996,58708.15199999999,58717.53033333333,58706.820166666665,3.1007200941021438,1.843361987724845,61.59218165664433,63.90008058017592,68.5158784272391,2024-08-13 11:33:59,2024-08-13,2024-08-13 11:34:00,0.7759333333349787,1.396221981968847,-0.545071723923129,1000000.0,1000000.0,long_pos,-99.9,-0.01852008518558046,0.0,0.0,0,0,0,0,0,0,1,58747.03,-99.9,1000000.0,0,True,1,58747.03,False,False,0.0,-0.013073001307473131,0.0,0
198,58745.18,58788.93,58739.44,58780.51,58748.094000000005,58713.573,58721.157666666666,58706.816166666664,7.4296191808753065,2.9606134263549375,66.85633759445146,71.94858674149651,82.13308503558662,2024-08-13 11:34:59,2024-08-13,2024-08-13 11:35:01,1.4638666666680364,2.5285227175816543,0.06964716437782777,1000000.0,1000000.0,long_pos,-99.9,-0.0031490953670276767,0.0,0.0,0,0,0,0,0,0,1,58747.03,-99.9,1000000.0,0,True,2,58747.03,False,False,0.0,0.05699011507476204,0.0,0
199,58775.83,58775.83,58775.83,58775.83,58754.596000000005,58723.41799999999,58721.73833333333,58708.816,10.363205426285276,4.441131826341005,72.49395806449049,81.63320687179903,99.91170448641614,2024-08-13 11:35:59,2024-08-13,2024-08-13 11:35:03,1.2667333333345596,2.4748834338868617,0.5506944182796345,1000000.0,1000000.0,long_pos,-99.9,0.049023754903010364,0.0,0.0,0,0,0,0,0,0,0,58747.03,-99.9,1000000.0,0,True,3,58747.03,False,False,0.0,0.049023754903010364,0.0,1
